time_sec,x,y,theta_deg,left_dist,right_dist,front_dist
0.032,0.0,0.0,0.0,66.8,63.8,70.0
0.064,0.0041,0.0,0.0,70.2,71.7,67.1
0.096,0.0082,0.0,0.0,69.7,62.7,65.0
0.128,0.0124,0.0,0.0,63.4,65.0,70.8
0.16,0.0165,0.0,0.0,64.2,63.7,64.9
0.192,0.0205,0.0,0.0,69.3,57.4,59.9
0.224,0.0246,0.0,0.0,67.6,71.9,65.0
0.256,0.0287,0.0,0.0,54.7,67.1,72.5
0.288,0.0328,0.0,0.0,64.6,61.4,68.8
0.32,0.0369,0.0,0.0,70.8,74.1,63.7
0.352,0.0411,0.0,0.0,65.6,69.7,66.6
0.384,0.0452,0.0,0.0,67.0,60.3,73.5
0.416,0.0493,0.0,0.0,72.4,62.2,68.5
0.448,0.0534,0.0,0.0,71.0,66.0,69.8
0.48,0.0574,0.0,0.0,68.3,69.3,65.4
0.512,0.0615,0.0,0.0,62.7,67.1,63.6
0.544,0.0657,0.0,0.0,69.8,69.3,67.3
0.576,0.0698,0.0,0.0,69.3,64.0,67.0
0.608,0.0739,0.0,0.0,66.0,67.9,64.7
0.64,0.078,0.0,0.0,70.0,65.8,70.4
0.672,0.0821,0.0,0.0,58.0,62.9,65.2
0.704,0.0863,0.0,0.0,66.5,68.0,68.8
0.736,0.0904,0.0,0.0,70.1,62.5,71.4
0.768,0.0944,0.0,0.0,63.8,72.2,59.8
0.8,0.0985,0.0,0.0,64.5,66.5,67.0
0.832,0.1026,0.0,0.0,69.8,70.1,71.0
0.864,0.1067,0.0,0.0,68.8,69.0,64.2
0.896,0.1108,0.0,0.0,64.0,64.1,61.0
0.928,0.115,0.0,0.0,69.3,64.7,77.7
0.96,0.1191,0.0,0.0,75.1,68.0,71.8
0.992,0.1232,0.0,0.0,65.8,68.1,67.7
1.024,0.1273,0.0,0.0,60.4,65.0,71.6
1.056,0.1313,0.0,0.0,70.5,68.8,62.7
1.088,0.1354,0.0,0.0,65.1,66.5,70.9
1.12,0.1396,0.0,0.0,63.9,68.5,68.1
1.152,0.1437,0.0,0.0,57.6,65.6,72.8
1.184,0.1478,0.0,0.0,61.9,59.9,63.0
1.216,0.1519,0.0,0.0,62.8,73.3,68.4
1.248,0.156,0.0,0.0,75.6,62.1,67.7
1.28,0.1602,0.0,0.0,63.0,64.7,67.8
1.312,0.1643,0.0,0.0,76.0,59.6,61.1
1.344,0.1684,0.0,0.0,64.5,69.7,66.5
1.376,0.1724,0.0,0.0,69.7,69.9,74.5
1.408,0.1765,0.0,0.0,69.9,66.8,103.0
1.44,0.1766,-0.0,-8.77,56.1,58.8,115.9
1.472,0.1766,-0.0,-17.68,66.7,67.8,113.4
1.504,0.1766,-0.0,-26.58,66.6,67.2,105.3
1.536,0.1765,0.0,-35.35,63.9,69.4,105.6
1.568,0.1766,-0.0,-44.12,68.8,64.7,84.6
1.6,0.1766,-0.0,-53.03,64.0,76.0,81.4
1.632,0.1766,-0.0,-61.93,69.0,64.8,65.1
1.664,0.1775,-0.0021,-65.83,71.6,67.1,63.9
1.696,0.1783,-0.0043,-69.73,70.7,61.7,75.7
1.728,0.179,-0.0065,-73.48,68.1,67.9,86.8
1.76,0.179,-0.0065,-82.39,63.2,64.3,84.6
1.792,0.179,-0.0065,-91.3,67.1,69.9,82.2
1.824,0.179,-0.0065,-100.21,66.3,64.0,86.5
1.856,0.1789,-0.0065,-108.97,66.3,66.9,88.7
1.888,0.1789,-0.0065,-117.88,72.4,62.3,95.1
1.92,0.1789,-0.0065,-126.79,66.0,68.2,87.7
1.952,0.179,-0.0065,-135.56,67.8,66.7,74.6
1.984,0.1772,-0.008,-139.45,72.3,66.8,72.2
2.016,0.1754,-0.0094,-143.35,62.4,73.2,69.7
2.048,0.1734,-0.0106,-147.25,65.4,67.4,60.9
2.08,0.1714,-0.0117,-151.14,68.2,70.1,70.0
2.112,0.1693,-0.0127,-155.04,69.2,66.1,68.2
2.144,0.1671,-0.0136,-158.94,63.6,71.6,75.6
2.176,0.1649,-0.0142,-162.83,64.2,69.9,66.8
2.208,0.1627,-0.0148,-166.59,68.0,72.0,70.0
2.24,0.1604,-0.0151,-170.49,89.2,62.4,74.7
2.272,0.1581,-0.0154,-174.39,112.6,65.4,69.1
2.304,0.1558,-0.0154,-178.28,122.5,72.6,71.5
2.336,0.1535,-0.0154,-182.18,119.9,71.5,62.6
2.368,0.1512,-0.0151,-186.08,117.6,65.9,71.3
2.4,0.1489,-0.0147,-189.97,118.7,63.2,68.4
2.432,0.1466,-0.0141,-193.87,120.9,64.5,64.7
2.464,0.1444,-0.0134,-197.77,117.5,63.1,65.3
2.496,0.1423,-0.0126,-201.52,114.2,69.2,66.2
2.528,0.1403,-0.0116,-205.42,140.4,64.4,70.8
2.56,0.1382,-0.0105,-209.32,156.0,66.9,65.6
2.592,0.1363,-0.0092,-213.22,156.7,67.5,71.1
2.624,0.1344,-0.0078,-217.11,162.8,68.7,69.1
2.656,0.1327,-0.0063,-221.01,165.7,71.7,71.9
2.688,0.1311,-0.0047,-224.91,170.8,61.1,70.3
2.72,0.1295,-0.0029,-228.8,159.6,63.9,69.7
2.752,0.1282,-0.0011,-232.56,163.0,64.5,71.0
2.784,0.1269,0.0008,-236.46,172.5,66.4,66.8
2.816,0.1257,0.0028,-240.35,186.6,68.7,69.8
2.848,0.1247,0.0049,-244.25,192.4,67.2,68.9
2.88,0.1239,0.0071,-248.15,216.5,64.7,70.3
2.912,0.1232,0.0093,-252.05,208.8,71.4,75.6
2.944,0.1226,0.0115,-255.94,204.3,62.0,68.5
2.976,0.1222,0.0138,-259.84,213.4,78.1,68.1
3.008,0.1219,0.0161,-263.74,208.4,69.4,65.0
3.04,0.1218,0.0183,-267.49,196.9,65.2,66.9
3.072,0.1219,0.0207,-271.39,219.9,70.2,68.1
3.104,0.1221,0.023,-275.29,226.1,62.6,65.3
3.136,0.1225,0.0253,-279.18,212.0,68.1,65.4
3.168,0.123,0.0275,-283.08,219.2,67.5,69.5
3.2,0.1239,0.0315,-283.08,213.7,71.9,67.8
3.232,0.1246,0.0337,-286.98,204.0,71.6,65.1
3.264,0.1258,0.0377,-286.98,202.2,71.6,64.6
3.296,0.1266,0.0398,-290.74,221.5,67.2,61.3
3.328,0.1276,0.0419,-294.63,203.6,67.8,71.7
3.36,0.1293,0.0456,-294.63,210.9,70.0,61.2
3.392,0.131,0.0493,-294.77,203.2,69.3,68.9
3.424,0.1327,0.0531,-294.77,198.6,71.3,68.5
3.456,0.1338,0.0551,-298.67,195.9,67.2,66.6
3.488,0.1358,0.0587,-298.67,194.0,67.5,63.6
3.52,0.1378,0.0623,-298.67,181.8,68.8,68.6
3.552,0.1397,0.0659,-298.53,176.5,63.7,64.4
3.584,0.1417,0.0695,-298.53,167.7,66.6,63.2
3.616,0.1436,0.0731,-298.53,172.7,64.1,62.1
3.648,0.1456,0.0767,-298.53,163.6,66.8,66.5
3.68,0.1476,0.0804,-298.53,159.9,67.2,64.8
3.712,0.1495,0.084,-298.53,162.0,68.8,65.2
3.744,0.1515,0.0875,-298.67,151.4,68.5,72.9
3.776,0.1535,0.0912,-298.67,64.1,65.2,65.9
3.808,0.1544,0.0933,-294.77,148.4,69.4,70.6
3.84,0.1562,0.097,-294.77,103.6,67.2,68.0
3.872,0.1579,0.1007,-294.77,168.3,65.0,67.1
3.904,0.1596,0.1044,-294.63,67.5,67.2,67.8
3.936,0.1604,0.1066,-290.74,68.8,69.7,66.5
3.968,0.1611,0.1088,-286.84,78.3,66.3,62.8
4.0,0.1616,0.111,-283.08,146.2,69.8,70.4
4.032,0.1625,0.115,-283.08,62.1,61.4,60.4
4.064,0.1629,0.1173,-279.18,68.8,66.1,70.2
4.096,0.1631,0.1196,-275.29,114.8,72.8,63.5
4.128,0.1635,0.1237,-275.29,79.9,67.8,63.1
4.16,0.1635,0.126,-271.39,93.8,69.2,67.2
4.192,0.1636,0.1301,-271.53,72.7,64.1,64.6
4.224,0.1635,0.1325,-267.49,69.0,66.8,67.4
4.256,0.1633,0.1347,-263.74,88.7,69.7,65.3
4.288,0.1628,0.1388,-263.74,56.2,72.8,63.8
4.32,0.1624,0.1411,-259.84,78.4,63.8,69.7
4.352,0.1619,0.1433,-255.94,94.7,66.1,65.5
4.384,0.1609,0.1473,-255.94,106.3,69.1,64.4
4.416,0.1599,0.1513,-255.94,109.8,63.3,59.2
4.448,0.1589,0.1553,-256.08,117.5,64.8,74.6
4.48,0.1579,0.1592,-255.94,110.1,69.1,68.6
4.512,0.1569,0.1632,-255.94,86.7,65.4,69.1
4.544,0.1559,0.1672,-255.94,67.9,61.0,67.7
4.576,0.1552,0.1694,-252.05,66.9,69.5,65.4
4.608,0.1543,0.1715,-248.15,65.9,65.6,64.1
4.64,0.1533,0.1736,-244.25,71.0,66.8,69.7
4.672,0.1522,0.1756,-240.35,82.6,68.9,65.7
4.704,0.1501,0.1792,-240.35,68.3,68.9,64.5
4.736,0.1489,0.1811,-236.6,66.4,70.7,64.8
4.768,0.1475,0.1829,-232.7,76.7,73.8,70.3
4.8,0.146,0.1847,-228.8,94.6,71.1,66.9
4.832,0.1433,0.1878,-228.8,67.5,70.7,67.4
4.864,0.1416,0.1894,-224.91,65.6,63.7,64.0
4.896,0.1399,0.1909,-221.01,66.1,67.1,61.8
4.928,0.138,0.1923,-217.11,66.4,61.0,63.9
4.96,0.1361,0.1936,-213.22,67.2,68.5,72.6
4.992,0.1341,0.1947,-209.46,61.2,64.8,61.4
5.024,0.132,0.1957,-205.56,74.7,62.3,66.1
5.056,0.1299,0.1966,-201.66,87.1,67.5,64.1
5.088,0.126,0.1981,-201.66,68.8,67.2,62.0
5.12,0.1238,0.1988,-197.77,58.7,66.3,68.4
5.152,0.1216,0.1994,-193.87,61.7,69.3,63.5
5.184,0.1193,0.1998,-189.97,69.8,65.8,71.2
5.216,0.117,0.2,-186.08,67.9,73.1,76.5
5.248,0.1148,0.2001,-182.32,67.9,66.3,68.7
5.28,0.1124,0.2,-178.42,78.0,74.5,69.0
5.312,0.1101,0.1998,-174.53,84.2,71.4,68.2
5.344,0.106,0.1994,-174.53,64.8,66.2,75.1
5.376,0.1037,0.199,-170.63,64.4,60.5,69.3
5.408,0.1015,0.1985,-166.73,65.3,68.2,66.4
5.44,0.0993,0.1978,-162.83,71.2,66.4,67.3
5.472,0.0971,0.197,-158.94,72.0,60.9,65.8
5.504,0.0951,0.1961,-155.18,72.1,64.0,61.6
5.536,0.093,0.1949,-151.28,61.9,69.9,72.3
5.568,0.0911,0.1937,-147.39,71.5,69.4,69.1
5.6,0.0892,0.1923,-143.49,68.4,69.3,70.1
5.632,0.0875,0.1908,-139.59,64.9,67.0,67.1
5.664,0.0858,0.1892,-135.7,69.1,69.7,63.7
5.696,0.0843,0.1875,-131.8,68.9,74.3,67.6
5.728,0.0828,0.1856,-127.9,71.6,70.1,71.1
5.76,0.0815,0.1837,-124.0,70.4,66.8,66.9
5.792,0.0804,0.1818,-120.25,67.5,66.9,60.7
5.824,0.0794,0.1797,-116.35,77.2,64.3,70.8
5.856,0.0785,0.1775,-112.45,69.9,70.5,70.5
5.888,0.0777,0.1754,-108.56,71.2,69.2,64.3
5.92,0.0772,0.1731,-104.66,69.6,67.2,66.7
5.952,0.0767,0.1708,-100.76,73.8,70.6,70.5
5.984,0.0765,0.1685,-96.87,72.5,66.3,62.6
6.016,0.0763,0.1662,-92.97,67.2,62.8,69.1
6.048,0.0764,0.164,-89.21,76.7,71.4,63.3
6.08,0.0766,0.1617,-85.31,71.0,72.8,66.3
6.112,0.0769,0.1594,-81.42,68.7,70.2,64.8
6.144,0.0774,0.1571,-77.52,68.6,65.3,66.9
6.176,0.0781,0.1549,-73.62,64.1,67.7,68.1
6.208,0.0789,0.1527,-69.73,74.1,67.2,67.2
6.24,0.0798,0.1506,-65.83,70.1,64.8,64.1
6.272,0.0809,0.1485,-61.93,72.0,69.4,64.4
6.304,0.0821,0.1466,-58.04,74.5,70.0,70.0
6.336,0.0834,0.1447,-54.28,68.9,67.7,63.5
6.368,0.0849,0.143,-50.38,77.1,70.2,61.0
6.4,0.0865,0.1413,-46.48,61.2,66.2,66.4
6.432,0.0882,0.1397,-42.59,64.9,67.9,68.4
6.464,0.09,0.1383,-38.69,72.1,70.1,65.2
6.496,0.0919,0.1369,-34.79,72.0,66.9,68.6
6.528,0.0939,0.1358,-30.9,78.9,65.3,68.8
6.56,0.096,0.1347,-27.0,71.1,65.9,70.4
6.592,0.0981,0.1338,-23.1,72.8,71.9,65.6
6.624,0.1002,0.133,-19.35,69.9,64.8,72.7
6.656,0.1025,0.1324,-15.45,64.1,70.4,73.6
6.688,0.1047,0.132,-11.55,69.1,68.8,70.1
6.72,0.107,0.1317,-7.65,73.3,66.5,64.3
6.752,0.1094,0.1315,-3.76,64.2,69.0,62.5
6.784,0.1117,0.1315,0.14,71.7,67.0,66.0
6.816,0.114,0.1317,4.04,72.5,66.7,68.6
6.848,0.1163,0.132,7.93,69.7,72.3,69.3
6.88,0.1185,0.1325,11.69,70.9,71.5,68.3
6.912,0.1207,0.1331,15.59,69.0,59.9,73.8
6.944,0.1229,0.1335,11.83,70.4,67.2,64.5
6.976,0.1252,0.1339,7.93,93.5,67.6,69.6
7.008,0.1275,0.134,4.04,104.3,66.9,72.5
7.04,0.1298,0.134,0.14,104.9,65.4,70.8
7.072,0.134,0.134,0.14,110.5,62.5,69.6
7.104,0.1381,0.134,0.14,108.4,59.9,64.1
7.136,0.1422,0.1341,0.14,116.0,68.6,67.5
7.168,0.1445,0.1339,-3.76,118.9,64.7,67.9
7.2,0.1486,0.1336,-3.62,118.3,74.1,70.0
7.232,0.1527,0.1334,-3.62,122.7,62.6,63.4
7.264,0.1568,0.1331,-3.62,119.0,65.5,70.0
7.296,0.1591,0.1328,-7.52,119.6,57.4,67.2
7.328,0.1614,0.1324,-11.41,128.0,63.1,70.3
7.36,0.1653,0.1316,-11.55,123.2,71.8,66.6
7.392,0.1694,0.1307,-11.55,134.1,68.4,66.4
7.424,0.1716,0.1301,-15.45,128.5,62.8,64.1
7.456,0.1755,0.129,-15.31,135.0,70.2,67.1
7.488,0.1795,0.128,-15.31,130.5,67.0,68.8
7.52,0.1835,0.1269,-15.31,140.7,71.9,67.2
7.552,0.1874,0.1258,-15.31,141.5,69.6,62.2
7.584,0.1914,0.1247,-15.31,133.5,69.6,71.9
7.616,0.1954,0.1236,-15.31,141.1,69.3,72.1
7.648,0.1993,0.1225,-15.31,143.7,71.1,70.3
7.68,0.2033,0.1214,-15.31,139.4,70.4,71.6
7.712,0.2072,0.1203,-15.45,140.7,67.8,62.2
7.744,0.2112,0.1192,-15.45,143.9,70.2,65.9
7.776,0.2151,0.1182,-15.31,142.8,65.2,70.5
7.808,0.2191,0.1171,-15.31,145.8,67.8,68.8
7.84,0.2231,0.116,-15.31,139.5,64.7,69.5
7.872,0.227,0.1149,-15.31,151.3,67.6,66.2
7.904,0.231,0.1138,-15.31,158.3,66.3,66.8
7.936,0.2332,0.1131,-19.21,156.8,66.4,66.6
7.968,0.2371,0.1117,-19.21,151.0,62.4,69.8
8.0,0.241,0.1104,-19.21,149.6,64.5,62.0
8.032,0.2447,0.109,-19.21,146.6,64.8,71.5
8.064,0.2486,0.1077,-19.21,156.4,61.7,68.3
8.096,0.2525,0.1063,-19.21,157.6,65.6,69.3
8.128,0.2564,0.105,-19.21,151.4,66.2,66.6
8.16,0.2603,0.1036,-19.21,152.0,67.9,69.1
8.192,0.2642,0.1023,-19.21,160.2,69.0,60.6
8.224,0.2681,0.1009,-19.21,153.7,66.2,65.7
8.256,0.272,0.0996,-19.21,145.7,63.7,68.3
8.288,0.2759,0.0982,-19.21,152.0,66.5,68.6
8.32,0.2798,0.0968,-19.21,148.9,65.3,66.9
8.352,0.2835,0.0955,-19.21,147.5,65.3,70.6
8.384,0.2874,0.0942,-19.21,146.8,68.4,64.4
8.416,0.2913,0.0928,-19.21,152.3,64.9,71.9
8.448,0.2952,0.0915,-19.21,146.8,68.0,67.2
8.48,0.2991,0.0901,-19.21,153.6,69.4,65.7
8.512,0.303,0.0888,-19.21,149.9,72.6,67.7
8.544,0.3069,0.0874,-19.21,144.1,72.6,64.2
8.576,0.3108,0.086,-19.21,152.8,70.0,68.2
8.608,0.3147,0.0847,-19.21,150.4,70.7,61.5
8.64,0.3184,0.0834,-19.21,143.1,65.7,67.4
8.672,0.3223,0.082,-19.21,153.8,65.1,68.9
8.704,0.3262,0.0807,-19.21,144.3,72.2,66.0
8.736,0.3301,0.0793,-19.21,142.7,63.7,71.5
8.768,0.334,0.078,-19.21,141.9,68.0,69.7
8.8,0.3379,0.0766,-19.21,62.4,69.9,66.1
8.832,0.3401,0.076,-15.31,60.1,67.3,66.9
8.864,0.3424,0.0755,-11.41,135.7,66.1,71.0
8.896,0.3464,0.0747,-11.41,67.9,64.2,63.7
8.928,0.3486,0.0744,-7.65,67.5,69.5,65.4
8.96,0.351,0.0743,-3.76,66.0,63.0,63.0
8.992,0.3533,0.0743,0.14,138.4,71.5,70.3
9.024,0.3574,0.0743,0.14,70.9,68.9,69.7
9.056,0.3597,0.0744,4.04,113.8,64.3,70.6
9.088,0.3638,0.0747,4.04,67.6,63.8,62.6
9.12,0.3661,0.0751,7.93,62.1,66.0,70.6
9.152,0.3683,0.0755,11.69,66.1,68.5,65.5
9.184,0.3706,0.0761,15.59,65.9,64.6,64.0
9.216,0.3727,0.0769,19.48,117.7,68.5,69.0
9.248,0.3766,0.0783,19.62,114.3,64.6,69.9
9.28,0.3804,0.0796,19.62,70.5,66.5,66.0
9.312,0.3826,0.0806,23.52,65.3,62.4,66.7
9.344,0.3846,0.0816,27.28,66.4,69.2,68.9
9.376,0.3865,0.0828,31.18,71.4,66.6,68.3
9.408,0.3884,0.0841,35.07,73.4,64.5,66.6
9.44,0.3902,0.0856,38.97,119.9,72.8,67.6
9.472,0.3934,0.0882,38.97,61.9,68.2,67.7
9.504,0.3951,0.0898,42.87,71.2,63.6,63.0
9.536,0.3967,0.0914,46.76,111.0,62.2,66.1
9.568,0.3996,0.0945,46.76,65.2,66.9,66.3
9.6,0.401,0.0962,50.66,63.5,71.0,67.4
9.632,0.4023,0.0981,54.42,70.1,61.7,67.5
9.664,0.4036,0.1,58.31,62.6,70.1,62.4
9.696,0.4046,0.1021,62.21,71.8,69.5,63.2
9.728,0.4056,0.1042,66.11,70.9,63.5,69.4
9.76,0.4064,0.1064,70.0,71.5,70.0,65.0
9.792,0.407,0.1086,73.9,65.8,67.3,69.8
9.824,0.4075,0.1109,77.8,68.2,66.1,64.1
9.856,0.4078,0.1132,81.7,65.1,66.4,66.8
9.888,0.408,0.1154,85.45,71.6,68.8,73.5
9.92,0.408,0.1177,89.35,69.3,66.8,65.4
9.952,0.4079,0.1201,93.25,69.9,64.1,61.5
9.984,0.4076,0.1224,97.14,62.0,65.5,64.6
10.016,0.4072,0.1246,101.04,118.9,69.9,63.1
10.048,0.4064,0.1287,101.04,66.7,62.6,62.0
10.08,0.4058,0.1309,104.94,65.7,72.5,63.1
10.112,0.405,0.1331,108.83,68.3,63.4,65.5
10.144,0.4041,0.1352,112.73,66.9,72.1,70.3
10.176,0.4031,0.1373,116.49,69.1,67.0,64.8
10.208,0.402,0.1393,120.39,60.0,68.0,68.6
10.24,0.4007,0.1412,124.28,64.4,66.4,68.2
10.272,0.3992,0.143,128.18,113.9,68.3,64.9
10.304,0.3967,0.1462,128.18,67.9,71.7,69.3
10.336,0.3951,0.148,132.08,69.2,62.2,60.3
10.368,0.3935,0.1496,135.97,70.1,68.7,65.6
10.4,0.3917,0.1511,139.87,62.1,61.7,68.6
10.432,0.3899,0.1524,143.63,67.8,71.4,67.3
10.464,0.3879,0.1536,147.53,65.0,63.8,63.4
10.496,0.3859,0.1547,151.42,62.8,71.9,64.9
10.528,0.3838,0.1557,155.32,66.4,66.0,63.6
10.56,0.3816,0.1565,159.22,63.1,65.3,69.3
10.592,0.3794,0.1572,163.11,66.8,67.1,62.1
10.624,0.3771,0.1577,167.01,65.9,69.4,67.2
10.656,0.3749,0.1581,170.91,68.6,68.1,63.6
10.688,0.3725,0.1583,174.8,72.1,71.7,66.5
10.72,0.3703,0.1584,178.56,65.8,69.1,66.4
10.752,0.368,0.1583,182.46,63.8,67.9,70.8
10.784,0.3657,0.158,186.35,66.9,68.3,70.3
10.816,0.3634,0.1576,190.25,64.6,60.5,67.9
10.848,0.3611,0.157,194.15,67.9,66.4,71.7
10.88,0.3589,0.1563,198.05,67.6,69.4,63.6
10.912,0.3568,0.1554,201.94,69.1,63.9,70.7
10.944,0.3547,0.1544,205.84,61.7,68.1,68.0
10.976,0.3527,0.1533,209.74,72.9,72.5,67.7
11.008,0.3508,0.152,213.49,68.2,68.3,68.1
11.04,0.349,0.1506,217.39,65.2,71.4,70.0
11.072,0.3472,0.1491,221.29,112.6,67.7,68.9
11.104,0.3441,0.1464,221.29,62.6,68.2,64.5
11.136,0.3425,0.1447,225.18,68.4,70.2,68.3
11.168,0.341,0.143,229.08,66.1,67.8,62.7
11.2,0.3396,0.1411,232.98,62.5,68.6,73.4
11.232,0.3383,0.1392,236.88,63.7,62.5,68.1
11.264,0.3372,0.1372,240.63,64.3,71.9,63.2
11.296,0.3362,0.1351,244.53,68.7,67.2,69.5
11.328,0.3354,0.133,248.43,72.4,69.3,69.0
11.36,0.3347,0.1308,252.32,105.4,71.6,68.2
11.392,0.3334,0.1269,252.32,65.0,67.2,70.0
11.424,0.3329,0.1246,256.22,71.1,68.9,67.7
11.456,0.3325,0.1223,260.12,70.3,62.0,65.8
11.488,0.3322,0.12,264.01,67.0,70.2,63.4
11.52,0.3321,0.1177,267.91,69.3,69.0,68.1
11.552,0.3322,0.1155,271.81,68.5,68.2,70.6
11.584,0.3324,0.1132,275.71,65.9,62.0,73.3
11.616,0.3328,0.1109,279.6,70.2,65.0,71.5
11.648,0.3334,0.1087,283.5,63.8,66.7,69.6
11.68,0.3341,0.1065,287.4,69.2,73.9,64.9
11.712,0.3349,0.1043,291.29,68.8,65.0,72.7
11.744,0.3359,0.1022,295.19,68.2,66.9,64.6
11.776,0.337,0.1002,299.09,64.0,69.7,67.1
11.808,0.3382,0.0983,302.84,66.9,64.2,67.1
11.84,0.3396,0.0964,306.74,68.9,69.7,66.8
11.872,0.3411,0.0947,310.64,83.3,67.9,68.1
11.904,0.3438,0.0915,310.64,67.7,67.1,63.6
11.936,0.3454,0.0899,314.53,64.2,75.4,65.5
11.968,0.3472,0.0884,318.43,66.3,67.3,69.9
12.0,0.349,0.0869,322.33,57.4,71.2,60.8
12.032,0.3509,0.0856,326.23,62.8,71.3,61.8
12.064,0.3529,0.0845,329.98,73.7,66.4,67.2
12.096,0.355,0.0835,333.88,66.0,71.4,63.2
12.128,0.3571,0.0826,337.78,59.3,68.2,64.4
12.16,0.3593,0.0819,341.67,75.1,63.5,63.5
12.192,0.3616,0.0813,345.57,65.6,71.4,67.4
12.224,0.3638,0.0809,349.47,68.6,62.9,68.3
12.256,0.3661,0.0806,353.36,66.3,66.6,59.0
12.288,0.3685,0.0805,357.26,85.9,71.3,66.6
12.32,0.3726,0.0803,357.26,63.1,64.7,71.3
12.352,0.3748,0.0804,361.02,67.7,57.3,77.2
12.384,0.3771,0.0806,364.92,69.9,66.7,62.9
12.416,0.3794,0.0809,368.81,72.6,66.2,63.7
12.448,0.3817,0.0814,372.71,66.8,64.0,68.6
12.48,0.3838,0.0821,376.47,65.1,71.2,68.2
12.512,0.3861,0.0829,380.5,71.5,66.2,65.9
12.544,0.3882,0.0839,384.4,85.4,71.7,68.7
12.576,0.3919,0.0856,384.4,68.5,68.6,60.7
12.608,0.3939,0.0866,388.16,65.5,62.7,62.9
12.64,0.3959,0.0878,392.06,73.8,63.7,69.6
12.672,0.3978,0.0892,395.95,66.9,71.2,65.8
12.704,0.3995,0.0907,399.85,62.5,64.4,66.3
12.736,0.4012,0.0923,403.75,63.8,68.7,69.6
12.768,0.4028,0.094,407.64,79.7,57.1,67.9
12.8,0.4042,0.0958,411.54,78.2,63.5,64.5
12.832,0.4055,0.0977,415.44,74.3,64.6,66.8
12.864,0.4067,0.0997,419.33,63.6,66.3,68.2
12.896,0.4077,0.1017,423.09,68.8,72.3,59.8
12.928,0.4086,0.1039,426.99,65.4,72.4,66.4
12.96,0.4094,0.1061,430.88,64.0,69.0,67.1
12.992,0.41,0.1083,434.78,81.0,62.3,67.4
13.024,0.4111,0.1123,434.78,64.2,70.1,68.9
13.056,0.4115,0.1145,438.68,70.8,65.4,67.6
13.088,0.4118,0.1168,442.58,73.7,67.6,65.3
13.12,0.412,0.1192,446.47,62.9,68.4,73.9
13.152,0.412,0.1214,450.23,61.4,68.8,73.3
13.184,0.4118,0.1237,454.13,67.8,64.3,69.1
13.216,0.4115,0.126,458.02,64.3,65.5,69.2
13.248,0.411,0.1283,461.92,73.5,69.8,59.4
13.28,0.4104,0.1305,465.82,75.6,73.3,69.6
13.312,0.4096,0.1327,469.71,72.5,71.7,70.7
13.344,0.4087,0.1348,473.61,74.9,68.6,66.0
13.376,0.4076,0.1369,477.51,76.1,62.4,61.0
13.408,0.4064,0.1388,481.41,79.2,64.7,66.5
13.44,0.4051,0.1407,485.16,74.7,67.3,66.4
13.472,0.4036,0.1425,489.06,63.3,68.1,67.2
13.504,0.402,0.1442,492.96,72.7,68.6,62.1
13.536,0.4004,0.1458,496.85,72.6,64.8,65.4
13.568,0.3986,0.1472,500.75,67.6,69.0,68.5
13.6,0.3967,0.1486,504.65,70.5,72.4,63.5
13.632,0.3947,0.1498,508.54,69.7,70.7,70.8
13.664,0.3926,0.1509,512.44,67.1,66.2,65.0
13.696,0.3906,0.1518,516.2,69.0,68.4,64.2
13.728,0.3884,0.1526,520.1,74.0,67.7,69.7
13.76,0.3862,0.1532,523.99,75.4,62.6,70.1
13.792,0.3839,0.1537,527.89,73.4,66.1,68.7
13.824,0.3816,0.154,531.79,67.3,63.8,69.9
13.856,0.3793,0.1542,535.68,66.1,72.3,68.5
13.888,0.377,0.1542,539.58,67.5,65.7,62.8
13.92,0.3747,0.1541,543.48,63.0,69.7,63.4
13.952,0.3724,0.1538,547.37,68.8,63.7,70.4
13.984,0.3702,0.1533,551.13,61.4,64.2,62.8
14.016,0.3679,0.1527,555.03,64.7,71.2,62.8
14.048,0.3657,0.152,558.93,67.3,72.5,67.7
14.08,0.3636,0.1511,562.82,69.8,64.4,73.9
14.112,0.3615,0.15,566.72,66.8,66.4,72.1
14.144,0.3595,0.1489,570.62,61.8,68.7,63.7
14.176,0.3576,0.1475,574.51,66.8,68.1,65.0
14.208,0.3558,0.1461,578.41,67.2,75.0,71.6
14.24,0.3541,0.1445,582.31,67.1,63.5,66.4
14.272,0.3525,0.1429,586.06,62.5,69.5,63.6
14.304,0.351,0.1411,589.96,66.5,69.7,67.1
14.336,0.3497,0.1393,593.86,66.6,59.8,61.1
14.368,0.3484,0.1373,597.76,62.6,67.2,67.1
14.4,0.3473,0.1353,601.65,64.2,66.6,69.9
14.432,0.3464,0.1332,605.55,60.2,64.5,67.7
14.464,0.3453,0.1311,601.65,66.9,69.3,66.8
14.496,0.3443,0.129,605.55,67.1,60.6,65.6
14.528,0.3432,0.127,601.65,94.7,68.8,70.0
14.56,0.342,0.1251,597.89,99.1,66.8,64.6
14.592,0.3398,0.1216,597.89,104.0,62.0,70.2
14.624,0.3377,0.1181,597.76,111.0,62.8,64.6
14.656,0.3363,0.1163,593.86,113.0,67.5,61.9
14.688,0.3339,0.113,593.86,115.5,65.7,60.5
14.72,0.3324,0.1112,589.96,119.2,64.9,66.3
14.752,0.3297,0.108,589.96,126.8,60.8,64.5
14.784,0.3271,0.1049,589.96,117.9,66.7,67.9
14.816,0.3244,0.1017,589.96,130.5,67.9,67.7
14.848,0.3218,0.0986,590.1,131.5,67.8,61.9
14.88,0.3192,0.0954,590.1,139.2,73.3,73.3
14.912,0.3176,0.0938,586.2,138.7,64.3,63.5
14.944,0.3159,0.0922,582.31,139.3,71.2,70.5
14.976,0.3128,0.0894,582.31,141.8,69.9,66.2
15.008,0.3098,0.0867,582.31,130.3,63.1,64.3
15.04,0.3068,0.0839,582.17,145.4,66.4,66.1
15.072,0.3037,0.0812,582.17,136.2,67.1,64.3
15.104,0.3007,0.0784,582.17,146.9,68.8,64.5
15.136,0.2977,0.0757,582.31,143.6,66.2,62.7
15.168,0.2946,0.0729,582.31,148.2,72.8,70.4
15.2,0.2916,0.0701,582.31,145.2,72.0,75.0
15.232,0.2885,0.0674,582.31,156.3,69.8,64.0
15.264,0.2855,0.0646,582.31,153.7,65.8,73.9
15.296,0.2837,0.0631,578.41,151.0,64.1,65.2
15.328,0.2804,0.0606,578.41,149.1,69.4,71.3
15.36,0.2772,0.058,578.41,155.4,67.3,68.5
15.392,0.274,0.0555,578.27,148.6,65.7,62.9
15.424,0.2708,0.053,578.41,155.3,62.5,66.9
15.456,0.2676,0.0504,578.41,150.8,67.8,69.2
15.488,0.2644,0.0479,578.41,145.5,65.9,68.0
15.52,0.2612,0.0453,578.41,151.1,68.3,64.8
15.552,0.2579,0.0428,578.41,148.8,73.2,63.4
15.584,0.2547,0.0402,578.41,144.6,68.4,66.8
15.616,0.2515,0.0376,578.41,151.5,72.0,63.7
15.648,0.2482,0.0351,578.41,152.1,67.1,68.1
15.68,0.2451,0.0326,578.27,160.5,67.0,62.9
15.712,0.2419,0.0301,578.41,155.4,65.2,63.6
15.744,0.2387,0.0275,578.41,151.1,64.2,63.2
15.776,0.2354,0.0249,578.41,145.5,75.2,64.4
15.808,0.2322,0.0224,578.41,149.2,68.4,66.2
15.84,0.229,0.0198,578.41,149.2,67.9,84.5
15.872,0.2289,0.0198,569.36,140.6,67.3,111.5
15.904,0.2289,0.0198,560.73,128.7,67.3,112.0
15.936,0.229,0.0198,551.97,122.2,66.1,104.9
15.968,0.2292,0.0198,542.5,100.6,68.7,96.9
16.0,0.229,0.0198,534.01,74.3,73.5,69.8
16.032,0.2267,0.0202,530.26,67.6,70.6,71.9
16.064,0.2244,0.0208,526.36,94.8,72.0,64.4
16.096,0.2223,0.0215,522.6,75.8,72.2,74.2
16.128,0.2201,0.0223,518.7,73.6,70.3,79.3
16.16,0.218,0.0233,514.81,67.9,66.6,83.1
16.192,0.218,0.0233,505.9,72.5,63.1,81.4
16.224,0.218,0.0233,496.99,67.5,60.2,75.8
16.256,0.2165,0.025,493.1,67.5,68.3,88.3
16.288,0.2165,0.025,484.19,72.4,67.5,88.3
16.32,0.2165,0.025,475.56,69.1,66.7,60.4
16.352,0.2156,0.0271,471.66,68.4,71.7,64.1
16.384,0.2149,0.0293,467.77,70.4,66.6,63.0
16.416,0.2143,0.0316,463.87,69.9,66.9,62.4
16.448,0.2139,0.0339,459.97,69.0,68.2,67.0
16.48,0.2137,0.0362,456.08,65.6,72.8,66.3
16.512,0.2136,0.0385,452.18,67.7,67.8,62.4
16.544,0.2137,0.0408,448.28,63.8,67.4,67.9
16.576,0.2139,0.0431,444.38,70.5,67.5,69.1
16.608,0.2143,0.0453,440.63,72.9,66.6,64.5
16.64,0.2148,0.0476,436.73,101.3,66.0,61.6
16.672,0.2155,0.0498,432.83,115.5,66.7,68.0
16.704,0.2163,0.052,428.94,118.1,71.8,63.0
16.736,0.2173,0.0541,425.04,106.9,68.1,61.8
16.768,0.2184,0.0561,421.14,109.7,65.3,64.8
16.8,0.2197,0.058,417.25,113.0,65.8,69.9
16.832,0.221,0.0599,413.35,112.0,63.6,69.0
16.864,0.2225,0.0616,409.59,109.0,67.3,68.2
16.896,0.2241,0.0633,405.69,128.3,60.4,67.8
16.928,0.2259,0.0648,401.8,137.4,68.2,64.9
16.96,0.2277,0.0662,397.9,141.4,65.8,66.9
16.992,0.2296,0.0675,394.0,131.0,66.8,69.7
17.024,0.2316,0.0687,390.11,146.7,64.2,68.8
17.056,0.2337,0.0697,386.21,133.3,70.6,67.8
17.088,0.2358,0.0706,382.31,144.8,69.6,68.1
17.12,0.238,0.0713,378.56,151.9,69.3,68.8
17.152,0.2402,0.0719,374.66,164.4,64.0,66.7
17.184,0.2425,0.0723,370.76,183.2,68.5,72.0
17.216,0.2448,0.0726,366.86,183.4,65.2,64.3
17.248,0.2471,0.0727,362.97,192.2,71.6,64.9
17.28,0.2494,0.0727,359.07,183.6,68.0,58.6
17.312,0.2517,0.0725,355.17,182.5,67.1,65.7
17.344,0.254,0.0722,351.28,182.6,63.9,65.5
17.376,0.2563,0.0716,347.38,184.6,63.8,66.9
17.408,0.2584,0.071,343.62,195.5,68.2,68.2
17.44,0.2606,0.0702,339.73,210.7,71.4,66.5
17.472,0.2627,0.0693,335.83,207.2,67.1,70.9
17.504,0.2648,0.0682,331.93,198.3,68.1,67.6
17.536,0.2667,0.0669,328.03,204.3,71.6,64.6
17.568,0.2686,0.0656,324.14,202.7,66.2,70.3
17.6,0.2704,0.0641,320.24,197.7,63.6,70.9
17.632,0.2721,0.0625,316.34,203.4,71.5,70.0
17.664,0.2736,0.0608,312.45,208.1,69.9,66.7
17.696,0.275,0.059,308.69,203.6,61.3,70.8
17.728,0.2776,0.0559,308.55,194.7,67.9,63.0
17.76,0.2801,0.0526,308.55,187.6,67.2,66.5
17.792,0.2827,0.0494,308.55,183.8,73.4,66.7
17.824,0.2853,0.0462,308.55,168.8,65.2,66.0
17.856,0.2878,0.043,308.55,177.8,64.2,71.4
17.888,0.2904,0.0398,308.55,169.2,71.2,67.5
17.92,0.293,0.0365,308.55,168.2,63.8,62.7
17.952,0.2955,0.0333,308.55,162.3,65.5,64.8
17.984,0.2981,0.0301,308.69,168.8,62.5,65.8
18.016,0.3006,0.027,308.55,159.4,67.6,67.8
18.048,0.3032,0.0237,308.55,158.1,68.4,70.7
18.08,0.3057,0.0205,308.55,160.7,70.9,70.1
18.112,0.3083,0.0173,308.55,157.5,64.9,66.4
18.144,0.3109,0.0141,308.55,151.7,65.8,69.7
18.176,0.3134,0.0109,308.55,150.4,62.3,67.8
18.208,0.316,0.0076,308.55,147.5,64.6,63.8
18.24,0.3186,0.0044,308.55,144.3,64.9,66.0
18.272,0.3211,0.0013,308.69,142.4,65.2,73.0
18.304,0.3236,-0.0019,308.55,135.4,71.4,71.9
18.336,0.3262,-0.0051,308.55,146.2,66.1,67.2
18.368,0.3288,-0.0084,308.55,141.5,70.5,69.3
18.4,0.3313,-0.0116,308.55,136.5,65.8,67.3
18.432,0.3339,-0.0148,308.55,136.0,64.7,68.1
18.464,0.3365,-0.018,308.55,135.9,64.7,62.9
18.496,0.339,-0.0212,308.55,123.2,67.1,59.6
18.528,0.3416,-0.0245,308.55,125.4,62.4,65.5
18.56,0.3442,-0.0277,308.55,130.3,66.2,70.2
18.592,0.3467,-0.0309,308.69,119.9,69.5,68.1
18.624,0.3492,-0.034,308.55,121.1,68.0,69.1
18.656,0.3518,-0.0373,308.55,118.1,69.5,66.1
18.688,0.3544,-0.0405,308.55,124.9,68.9,71.3
18.72,0.3569,-0.0437,308.55,113.7,67.0,71.1
18.752,0.3595,-0.0469,308.55,115.1,61.3,69.4
18.784,0.3621,-0.0501,308.55,117.1,65.1,70.5
18.816,0.3646,-0.0534,308.55,116.3,72.1,71.4
18.848,0.3672,-0.0566,308.55,120.9,66.6,62.9
18.88,0.3698,-0.0597,308.69,114.1,74.2,68.8
18.912,0.3723,-0.0629,308.55,65.9,65.8,63.2
18.944,0.3738,-0.0646,312.45,65.2,64.0,64.4
18.976,0.3755,-0.0662,316.34,114.7,70.2,66.5
19.008,0.3785,-0.0691,316.34,110.9,63.6,62.8
19.04,0.3815,-0.0719,316.34,65.2,69.8,65.7
19.072,0.3833,-0.0734,320.24,68.6,69.0,69.0
19.104,0.3851,-0.0748,324.14,67.1,62.2,68.9
19.136,0.3871,-0.076,328.03,113.2,69.7,67.0
19.168,0.3905,-0.0781,327.9,67.6,67.3,66.8
19.2,0.3926,-0.0792,331.79,70.0,69.4,68.5
19.232,0.3947,-0.0802,335.69,106.2,64.4,69.0
19.264,0.3984,-0.0819,335.69,64.2,74.1,71.3
19.296,0.4006,-0.0827,339.59,65.6,68.9,72.2
19.328,0.4028,-0.0834,343.48,63.4,66.9,62.6
19.36,0.4051,-0.0839,347.38,64.9,60.4,71.3
19.392,0.4074,-0.0842,351.28,66.9,69.9,65.2
19.424,0.4096,-0.0844,355.03,66.7,68.6,65.6
19.456,0.412,-0.0844,358.93,67.9,65.3,65.0
19.488,0.4143,-0.0843,362.83,64.3,67.0,69.5
19.52,0.4166,-0.0841,366.73,65.6,62.5,68.8
19.552,0.4188,-0.0836,370.62,87.1,68.4,73.6
19.584,0.4229,-0.0829,370.62,59.2,67.3,60.2
19.616,0.4251,-0.0823,374.52,71.5,67.0,67.3
19.648,0.4273,-0.0816,378.42,66.3,63.4,71.6
19.68,0.4294,-0.0807,382.17,65.8,63.8,66.4
19.712,0.4315,-0.0797,386.07,72.6,70.7,70.0
19.744,0.4335,-0.0785,389.97,64.4,64.7,65.2
19.776,0.4354,-0.0772,393.86,85.9,68.3,61.2
19.808,0.4389,-0.0749,393.86,57.7,65.4,67.5
19.84,0.4407,-0.0735,397.76,66.6,71.1,71.2
19.872,0.4424,-0.072,401.66,61.7,63.6,66.0
19.904,0.444,-0.0703,405.56,71.9,66.4,71.6
19.936,0.4455,-0.0686,409.31,71.5,62.0,74.4
19.968,0.4469,-0.0668,413.21,68.1,72.6,72.0
20.0,0.4482,-0.0648,417.11,70.1,65.6,67.7
20.032,0.4493,-0.0628,421.0,70.7,60.1,68.3
20.064,0.4503,-0.0607,424.9,67.9,73.9,70.5
20.096,0.4511,-0.0585,428.8,68.3,62.8,68.4
20.128,0.4518,-0.0563,432.69,64.5,64.6,59.3
20.16,0.4523,-0.0541,436.59,70.6,71.9,71.5
20.192,0.4527,-0.0518,440.49,67.1,64.8,73.6
20.224,0.4529,-0.0495,444.25,70.9,66.9,67.3
20.256,0.453,-0.0472,448.14,94.1,69.5,62.3
20.288,0.4531,-0.0432,448.28,64.7,63.7,67.8
20.32,0.4531,-0.0409,452.18,73.8,64.8,69.3
20.352,0.4528,-0.0386,456.08,68.9,67.6,67.0
20.384,0.4524,-0.0363,459.97,67.7,71.8,63.5
20.416,0.4518,-0.034,463.87,65.8,65.8,71.1
20.448,0.4511,-0.0318,467.77,86.7,66.5,69.9
20.48,0.4499,-0.028,467.63,63.9,68.3,68.5
20.512,0.4491,-0.0258,471.52,72.9,67.3,73.5
20.544,0.4481,-0.0237,475.42,69.2,64.1,68.8
20.576,0.4469,-0.0217,479.32,68.5,69.7,69.4
20.608,0.4457,-0.0197,483.21,59.5,69.0,69.8
20.64,0.4443,-0.0179,487.11,63.8,61.5,69.3
20.672,0.4428,-0.0162,490.87,80.4,71.5,65.1
20.704,0.44,-0.013,491.01,64.5,65.1,68.1
20.736,0.4385,-0.0114,494.77,72.2,67.8,65.4
20.768,0.4367,-0.0099,498.66,65.6,66.7,63.1
20.8,0.4349,-0.0085,502.56,65.1,69.9,69.1
20.832,0.4329,-0.0072,506.46,59.7,68.3,70.7
20.864,0.4309,-0.0061,510.35,65.9,65.5,59.6
20.896,0.4288,-0.0051,514.25,63.9,66.8,61.1
20.928,0.4267,-0.0042,518.15,69.1,73.6,68.9
20.96,0.4245,-0.0035,522.04,70.7,65.3,62.6
20.992,0.4222,-0.0029,525.94,70.1,67.9,66.3
21.024,0.42,-0.0025,529.7,60.4,68.5,67.2
21.056,0.4177,-0.0023,533.6,63.7,66.3,68.8
21.088,0.4154,-0.0022,537.49,73.4,64.5,61.2
21.12,0.4131,-0.0022,541.39,71.6,65.1,69.0
21.152,0.4108,-0.0024,545.29,68.6,69.0,58.0
21.184,0.4085,-0.0028,549.18,72.8,68.6,66.4
21.216,0.4062,-0.0033,553.08,68.9,62.5,71.7
21.248,0.404,-0.004,556.98,73.2,63.3,65.2
21.28,0.4019,-0.0048,560.73,65.2,61.9,71.0
21.312,0.3998,-0.0058,564.63,66.0,61.3,67.3
21.344,0.3978,-0.0069,568.53,72.9,68.1,70.3
21.376,0.3958,-0.0081,572.43,64.1,67.9,68.5
21.408,0.394,-0.0095,576.32,66.8,60.6,65.3
21.44,0.3922,-0.011,580.22,72.9,67.1,67.2
21.472,0.3905,-0.0126,584.12,71.7,74.1,61.5
21.504,0.389,-0.0143,588.01,72.9,64.4,72.1
21.536,0.3875,-0.0161,591.91,67.4,65.0,65.4
21.568,0.3863,-0.018,595.67,70.5,66.8,66.1
21.6,0.3851,-0.02,599.56,72.7,65.7,66.3
21.632,0.3841,-0.0221,603.46,71.7,63.7,60.1
21.664,0.3832,-0.0242,607.36,72.9,66.9,66.4
21.696,0.3824,-0.0264,611.26,69.4,67.4,64.6
21.728,0.3818,-0.0286,615.15,70.4,70.8,66.8
21.76,0.3814,-0.0309,619.05,71.9,65.7,66.2
21.792,0.3811,-0.0332,622.95,72.9,69.6,64.9
21.824,0.381,-0.0355,626.7,62.1,64.6,67.5
21.856,0.381,-0.0378,630.6,73.8,65.6,67.8
21.888,0.3812,-0.0401,634.5,72.3,62.9,65.6
21.92,0.3815,-0.0424,638.39,75.8,70.5,66.5
21.952,0.382,-0.0447,642.29,71.2,62.5,66.6
21.984,0.3827,-0.0469,646.19,67.2,66.5,67.3
22.016,0.3835,-0.0491,650.08,66.1,64.4,72.2
22.048,0.3844,-0.0512,653.98,68.9,64.9,65.9
22.08,0.3855,-0.0532,657.88,71.0,67.1,69.2
22.112,0.3867,-0.0551,661.64,64.4,63.6,71.7
22.144,0.388,-0.057,665.53,69.5,65.6,67.0
22.176,0.3895,-0.0588,669.43,67.8,68.6,65.5
22.208,0.3911,-0.0605,673.33,74.1,63.5,67.0
22.24,0.3928,-0.0621,677.22,64.6,59.3,65.5
22.272,0.3946,-0.0635,681.12,67.4,62.8,67.5
22.304,0.3963,-0.0651,677.22,73.7,67.5,70.9
22.336,0.3979,-0.0668,673.33,76.2,67.3,63.9
22.368,0.3996,-0.0684,677.22,75.9,68.9,71.3
22.4,0.4012,-0.07,673.33,85.8,70.2,65.1
22.432,0.4026,-0.0718,669.43,106.1,67.3,67.5
22.464,0.4052,-0.075,669.57,107.7,68.5,68.4
22.496,0.4066,-0.0768,665.67,109.5,67.0,68.1
22.528,0.409,-0.0802,665.67,112.4,63.4,73.0
22.56,0.4113,-0.0835,665.53,114.0,70.8,68.1
22.592,0.4125,-0.0855,661.64,124.1,69.5,69.5
22.624,0.4147,-0.089,661.64,122.7,70.1,64.7
22.656,0.4169,-0.0925,661.64,119.9,69.0,62.1
22.688,0.419,-0.096,661.64,130.9,72.4,65.1
22.72,0.4201,-0.098,657.88,118.5,69.1,66.1
22.752,0.422,-0.1016,657.88,118.9,64.2,66.0
22.784,0.4229,-0.1037,653.98,115.8,64.0,61.6
22.816,0.4246,-0.1075,653.98,127.8,62.8,70.5
22.848,0.4254,-0.1097,650.08,136.4,74.6,62.8
22.88,0.4268,-0.1135,650.08,134.1,64.3,77.2
22.912,0.4282,-0.1174,650.08,128.6,63.5,65.7
22.944,0.4297,-0.1213,650.08,143.4,73.0,69.6
22.976,0.431,-0.1251,649.95,141.1,72.4,71.8
23.008,0.4324,-0.1289,650.08,144.3,63.8,64.9
23.04,0.4338,-0.1328,650.08,137.3,68.3,60.1
23.072,0.4353,-0.1366,650.08,141.1,74.5,66.7
23.104,0.4367,-0.1405,650.08,150.9,72.6,70.1
23.136,0.4381,-0.1444,650.08,144.6,67.6,65.5
23.168,0.4395,-0.1483,650.08,147.4,71.4,59.7
23.2,0.4409,-0.1521,650.08,151.0,64.6,63.9
23.232,0.4423,-0.156,650.08,154.7,63.1,67.8
23.264,0.4437,-0.1598,649.95,159.3,66.7,66.6
23.296,0.4443,-0.162,646.19,155.8,75.9,70.1
23.328,0.4455,-0.1659,646.19,155.4,68.4,67.5
23.36,0.4466,-0.1699,646.19,150.7,66.7,70.5
23.392,0.4478,-0.1738,646.19,158.1,68.3,64.6
23.424,0.4489,-0.1778,646.19,158.2,64.9,62.2
23.456,0.4501,-0.1818,646.19,143.2,64.4,66.1
23.488,0.4512,-0.1857,646.19,139.8,68.9,67.3
23.52,0.4524,-0.1897,646.19,144.5,65.7,66.2
23.552,0.4535,-0.1936,646.19,153.8,68.9,66.1
23.584,0.4546,-0.1975,646.19,145.6,64.9,66.6
23.616,0.4558,-0.2014,646.19,144.1,65.1,87.0
23.648,0.4558,-0.2015,637.42,140.9,61.9,97.5
23.68,0.4558,-0.2015,628.51,128.7,69.5,101.7
23.712,0.4558,-0.2015,619.61,114.1,68.7,94.5
23.744,0.4558,-0.2015,610.7,111.7,65.9,102.6
23.776,0.4558,-0.2014,601.93,111.0,61.0,99.6
23.808,0.4558,-0.2014,593.02,121.5,62.5,100.5
23.84,0.4558,-0.2015,584.26,116.6,66.6,98.2
23.872,0.4558,-0.2015,575.35,117.9,66.3,93.0
23.904,0.4558,-0.2015,566.44,116.1,61.3,97.3
23.936,0.4558,-0.2015,557.53,110.0,67.7,97.3
23.968,0.4558,-0.2015,548.63,115.5,71.1,99.8
24.0,0.4558,-0.2015,539.72,114.3,60.7,99.0
24.032,0.4558,-0.2015,530.81,113.6,65.6,88.8
24.064,0.4559,-0.2015,522.04,116.4,67.9,93.6
24.096,0.4559,-0.2015,513.14,112.4,68.1,98.7
24.128,0.4558,-0.2014,504.37,93.0,65.5,86.6
24.16,0.4558,-0.2014,495.46,66.8,70.4,70.3
24.192,0.4543,-0.1997,491.57,67.6,63.1,67.3
24.224,0.4528,-0.1979,487.67,73.4,62.3,69.0
24.256,0.4516,-0.196,483.91,67.2,69.0,72.1
24.288,0.4504,-0.194,480.01,69.4,67.2,79.2
24.32,0.4494,-0.1919,476.12,75.4,61.2,83.5
24.352,0.4494,-0.1919,467.21,66.5,67.3,67.9
24.384,0.4489,-0.1897,463.31,62.2,66.6,64.6
24.416,0.4485,-0.1874,459.42,69.2,68.3,64.2
24.448,0.4483,-0.1851,455.52,68.5,68.8,67.1
24.48,0.4482,-0.1828,451.62,65.8,68.1,69.8
24.512,0.4483,-0.1804,447.72,67.7,70.7,66.2
24.544,0.4485,-0.1782,443.97,66.9,67.6,72.3
24.576,0.4489,-0.1759,440.07,67.5,66.8,69.2
24.608,0.4495,-0.1737,436.17,67.3,68.7,66.2
24.64,0.4502,-0.1715,432.28,63.8,62.1,68.8
24.672,0.451,-0.1693,428.38,72.6,70.5,64.4
24.704,0.452,-0.1672,424.48,61.9,63.5,67.8
24.736,0.4532,-0.1652,420.59,79.5,66.3,69.2
24.768,0.4545,-0.1633,416.69,78.1,68.0,64.5
24.8,0.4559,-0.1614,412.79,82.3,66.1,69.5
24.832,0.4573,-0.1597,409.03,82.7,67.6,71.4
24.864,0.459,-0.1581,405.14,85.7,62.2,65.4
24.896,0.4607,-0.1565,401.24,80.0,65.3,70.9
24.928,0.4626,-0.1551,397.34,101.2,68.3,73.1
24.96,0.4645,-0.1539,393.45,106.2,66.9,68.4
24.992,0.4665,-0.1527,389.55,129.8,67.9,63.8
25.024,0.4686,-0.1517,385.65,126.0,66.4,68.1
25.056,0.4707,-0.1509,381.76,120.6,70.1,65.0
25.088,0.4729,-0.1502,378.0,119.9,69.2,61.5
25.12,0.4751,-0.1496,374.1,122.5,66.9,69.6
25.152,0.4774,-0.1492,370.2,115.4,67.2,68.7
25.184,0.4797,-0.1489,366.31,127.2,68.2,67.2
25.216,0.482,-0.1488,362.41,147.9,65.5,60.4
25.248,0.4844,-0.1489,358.51,155.3,63.8,64.8
25.28,0.4867,-0.1491,354.62,150.3,65.7,69.8
25.312,0.4889,-0.1495,350.72,156.8,63.7,65.2
25.344,0.4912,-0.15,346.82,158.1,68.0,68.8
25.376,0.4934,-0.1507,343.07,154.2,67.6,65.4
25.408,0.4955,-0.1515,339.17,163.8,69.1,66.4
25.44,0.4976,-0.1525,335.27,170.8,71.5,67.5
25.472,0.4997,-0.1536,331.37,188.1,63.3,61.2
25.504,0.5016,-0.1548,327.48,201.1,65.4,67.3
25.536,0.5035,-0.1562,323.58,197.0,63.6,69.1
25.568,0.5052,-0.1577,319.68,190.4,68.1,70.1
25.6,0.5069,-0.1593,315.79,195.8,67.8,65.7
25.632,0.5085,-0.161,311.89,198.3,64.3,63.5
25.664,0.5098,-0.1628,308.13,193.3,65.7,68.9
25.696,0.5112,-0.1647,304.24,203.1,66.0,77.0
25.728,0.5123,-0.1667,300.34,199.8,69.3,67.3
25.76,0.5134,-0.1688,296.44,208.5,67.0,74.6
25.792,0.5142,-0.1709,292.55,204.9,66.6,62.4
25.824,0.515,-0.1731,288.65,200.2,69.1,71.9
25.856,0.5156,-0.1754,284.75,200.9,65.4,67.1
25.888,0.516,-0.1776,280.85,220.6,67.1,71.0
25.92,0.5163,-0.1799,277.1,211.0,70.4,70.6
25.952,0.5164,-0.1822,273.2,210.0,66.7,71.4
25.984,0.5164,-0.1845,269.3,205.2,68.4,66.8
26.016,0.5163,-0.1886,269.3,197.2,71.2,61.9
26.048,0.5163,-0.1927,269.3,202.9,64.3,59.1
26.08,0.5162,-0.1969,269.3,191.2,69.9,66.0
26.112,0.5162,-0.201,269.3,188.9,67.0,67.0
26.144,0.5161,-0.205,269.16,184.4,65.7,68.9
26.176,0.5161,-0.2092,269.16,183.1,64.2,66.6
26.208,0.516,-0.2132,269.3,177.0,71.6,70.1
26.24,0.516,-0.2173,269.3,172.1,69.3,63.1
26.272,0.5159,-0.2215,269.3,163.1,68.1,65.5
26.304,0.5159,-0.2256,269.3,169.3,66.4,62.8
26.336,0.5158,-0.2297,269.3,159.6,67.9,66.4
26.368,0.5158,-0.2338,269.3,161.2,72.8,65.0
26.4,0.5157,-0.2379,269.3,157.4,70.6,64.0
26.432,0.5157,-0.242,269.16,156.3,64.3,66.2
26.464,0.5156,-0.2461,269.16,146.3,64.7,63.0
26.496,0.5155,-0.2502,269.16,145.4,67.5,66.8
26.528,0.5155,-0.2543,269.3,144.5,67.8,71.6
26.56,0.5154,-0.2584,269.3,145.1,65.2,69.7
26.592,0.5154,-0.2625,269.3,145.0,65.8,80.0
26.624,0.5154,-0.2625,260.4,136.6,66.2,106.7
26.656,0.5154,-0.2625,251.49,112.6,62.4,96.3
26.688,0.5154,-0.2626,242.72,110.7,66.8,74.8
26.72,0.5135,-0.2662,242.86,92.3,68.5,96.4
26.752,0.5135,-0.2662,233.95,70.6,66.9,73.6
26.784,0.512,-0.268,230.06,66.5,72.6,72.1
26.816,0.5104,-0.2696,226.16,78.6,63.3,73.6
26.848,0.5087,-0.2712,222.26,71.1,65.4,77.4
26.88,0.5069,-0.2726,218.37,71.2,68.4,76.0
26.912,0.505,-0.2739,214.61,66.9,69.5,80.2
26.944,0.505,-0.2739,205.7,69.7,68.4,71.2
26.976,0.5029,-0.2748,201.8,70.0,72.2,67.3
27.008,0.5007,-0.2755,197.91,70.1,69.7,65.3
27.04,0.4984,-0.276,194.01,68.5,71.6,64.6
27.072,0.4961,-0.2765,190.11,60.4,67.3,64.5
27.104,0.4938,-0.2767,186.22,68.9,68.2,69.4
27.136,0.4915,-0.2768,182.32,68.2,69.8,68.1
27.168,0.4893,-0.2767,178.56,67.0,71.2,64.0
27.2,0.487,-0.2765,174.66,71.3,71.1,61.3
27.232,0.4847,-0.2762,170.77,62.6,65.3,69.6
27.264,0.4824,-0.2756,166.87,67.4,73.2,65.4
27.296,0.4802,-0.2749,162.97,63.3,71.3,71.8
27.328,0.478,-0.2741,159.08,67.3,58.9,63.6
27.36,0.4759,-0.2731,155.18,72.7,65.0,71.2
27.392,0.4739,-0.272,151.28,88.6,67.4,69.8
27.424,0.472,-0.2708,147.53,102.2,70.6,71.8
27.456,0.4701,-0.2695,143.63,108.5,68.0,60.5
27.488,0.4684,-0.268,139.73,112.3,68.6,68.3
27.52,0.4667,-0.2663,135.83,114.6,64.3,62.7
27.552,0.4652,-0.2646,131.94,112.4,68.3,62.2
27.584,0.4637,-0.2628,128.04,117.8,63.4,62.8
27.616,0.4624,-0.2609,124.14,113.9,69.9,65.7
27.648,0.4613,-0.2589,120.25,121.7,71.5,74.2
27.68,0.4602,-0.2568,116.35,136.6,66.0,69.0
27.712,0.4594,-0.2547,112.59,148.4,64.5,68.3
27.744,0.4586,-0.2525,108.7,165.5,74.8,64.6
27.776,0.458,-0.2503,104.8,170.0,67.0,63.7
27.808,0.4576,-0.248,100.9,162.4,67.1,65.8
27.84,0.4573,-0.2457,97.0,162.3,71.9,67.8
27.872,0.4572,-0.2434,93.11,161.9,68.5,64.2
27.904,0.4572,-0.2411,89.21,152.6,64.9,68.2
27.936,0.4574,-0.2388,85.31,171.4,68.5,70.8
27.968,0.4577,-0.2365,81.56,181.4,66.4,69.9
28.0,0.4582,-0.2343,77.66,209.9,68.0,66.9
28.032,0.4589,-0.232,73.76,200.9,63.5,66.7
28.064,0.4597,-0.2299,69.87,208.7,70.8,68.6
28.096,0.4606,-0.2278,65.97,210.3,66.9,71.1
28.128,0.4617,-0.2257,62.07,203.5,66.6,63.4
28.16,0.4629,-0.2237,58.18,213.4,64.8,59.5
28.192,0.4643,-0.2219,54.28,206.3,70.4,70.1
28.224,0.4658,-0.2201,50.38,211.5,69.6,62.4
28.256,0.4673,-0.2184,46.62,223.3,67.8,69.2
28.288,0.469,-0.2169,42.73,229.1,70.0,73.3
28.32,0.4708,-0.2154,38.83,208.5,62.2,71.6
28.352,0.474,-0.2128,38.83,214.8,66.4,73.2
28.384,0.4759,-0.2115,34.93,217.7,69.9,68.9
28.416,0.4779,-0.2103,31.04,214.7,69.7,63.4
28.448,0.48,-0.2092,27.14,223.8,67.2,64.9
28.48,0.4821,-0.2083,23.24,218.5,63.4,67.1
28.512,0.4843,-0.2076,19.35,215.1,65.4,66.8
28.544,0.4881,-0.2062,19.48,209.9,66.6,64.7
28.576,0.4919,-0.2049,19.35,208.5,68.2,76.2
28.608,0.4958,-0.2035,19.35,201.9,70.8,68.3
28.64,0.4997,-0.2021,19.35,207.9,66.2,68.9
28.672,0.5036,-0.2008,19.35,199.6,67.0,68.1
28.704,0.5075,-0.1994,19.35,188.9,70.4,64.2
28.736,0.5114,-0.198,19.35,187.3,72.1,63.2
28.768,0.5153,-0.1967,19.35,192.4,61.3,60.8
28.8,0.5192,-0.1953,19.35,188.3,70.8,64.3
28.832,0.523,-0.194,19.48,190.6,67.7,64.6
28.864,0.5269,-0.1926,19.48,181.9,74.1,61.7
28.896,0.5307,-0.1912,19.35,181.3,66.9,72.1
28.928,0.5346,-0.1899,19.35,176.9,66.8,64.3
28.96,0.5385,-0.1885,19.35,163.7,68.6,69.2
28.992,0.5423,-0.1871,19.35,169.8,67.6,61.9
29.024,0.5462,-0.1858,19.35,168.8,69.5,67.6
29.056,0.5501,-0.1844,19.35,161.7,66.8,66.2
29.088,0.554,-0.1831,19.35,159.6,66.1,66.7
29.12,0.5578,-0.1817,19.48,155.7,66.2,64.1
29.152,0.5617,-0.1803,19.48,144.1,66.8,67.1
29.184,0.5655,-0.179,19.35,152.9,62.4,66.3
29.216,0.5694,-0.1776,19.35,158.2,68.4,70.4
29.248,0.5733,-0.1763,19.35,154.7,64.3,67.2
29.28,0.5772,-0.1749,19.35,158.5,66.1,69.5
29.312,0.5811,-0.1735,19.35,153.6,67.7,69.2
29.344,0.585,-0.1722,19.35,142.6,64.9,63.6
29.376,0.5889,-0.1708,19.35,151.2,58.9,67.5
29.408,0.5927,-0.1694,19.35,136.7,72.4,65.6
29.44,0.5966,-0.1681,19.48,143.1,65.1,72.9
29.472,0.6004,-0.1667,19.35,150.3,61.8,65.3
29.504,0.6043,-0.1654,19.35,146.6,70.8,70.8
29.536,0.6082,-0.164,19.35,139.9,71.8,66.3
29.568,0.6121,-0.1626,19.35,132.8,67.2,68.2
29.6,0.6159,-0.1613,19.35,137.6,67.7,67.6
29.632,0.6198,-0.1599,19.35,135.3,61.8,57.6
29.664,0.6237,-0.1585,19.35,138.8,68.3,70.3
29.696,0.6276,-0.1572,19.35,142.9,66.0,71.2
29.728,0.6314,-0.1558,19.48,126.9,70.8,69.3
29.76,0.6353,-0.1545,19.48,129.7,68.4,67.0
29.792,0.6391,-0.1531,19.35,138.2,69.1,65.5
29.824,0.643,-0.1517,19.35,136.4,64.6,70.9
29.856,0.6469,-0.1504,19.35,121.6,67.8,68.8
29.888,0.6508,-0.149,19.35,126.8,70.9,69.6
29.92,0.6547,-0.1477,19.35,128.4,64.2,68.7
29.952,0.6586,-0.1463,19.35,128.9,70.0,64.3
29.984,0.6625,-0.1449,19.35,120.0,66.1,69.0
30.016,0.6663,-0.1436,19.48,118.0,64.8,67.9
30.048,0.6702,-0.1422,19.48,121.2,65.6,67.9
30.08,0.674,-0.1409,19.35,125.4,66.4,68.9
30.112,0.6779,-0.1395,19.35,120.8,64.6,66.7
30.144,0.6818,-0.1381,19.35,124.2,64.1,68.1
30.176,0.6857,-0.1368,19.35,118.3,68.9,67.7
30.208,0.6895,-0.1354,19.35,109.7,66.9,69.9
30.24,0.6934,-0.134,19.35,126.0,68.1,69.0
30.272,0.6973,-0.1327,19.35,121.2,72.4,70.7
30.304,0.7012,-0.1313,19.35,103.9,67.9,67.3
30.336,0.705,-0.13,19.48,111.4,68.0,66.1
30.368,0.7089,-0.1286,19.35,123.2,69.8,72.0
30.4,0.7127,-0.1272,19.35,114.1,70.3,63.0
30.432,0.7166,-0.1259,19.35,113.0,61.6,64.9
30.464,0.7205,-0.1245,19.35,112.3,67.6,63.2
30.496,0.7244,-0.1231,19.35,113.5,70.3,64.4
30.528,0.7283,-0.1218,19.35,109.6,64.4,76.9
30.56,0.7322,-0.1204,19.35,103.8,65.4,61.6
30.592,0.7361,-0.1191,19.35,109.1,67.4,68.4
30.624,0.7399,-0.1177,19.48,108.1,65.2,60.6
30.656,0.7438,-0.1163,19.48,104.0,68.6,65.2
30.688,0.7476,-0.115,19.35,106.2,70.6,72.7
30.72,0.7515,-0.1136,19.35,110.1,63.0,66.6
30.752,0.7554,-0.1123,19.35,107.1,65.1,65.1
30.784,0.7593,-0.1109,19.35,101.4,66.2,62.9
30.816,0.7631,-0.1095,19.35,108.6,66.8,65.6
30.848,0.767,-0.1082,19.35,105.1,65.5,60.7
30.88,0.7709,-0.1068,19.35,104.2,75.1,66.8
30.912,0.7747,-0.1054,19.48,104.1,64.6,69.6
30.944,0.7786,-0.1041,19.48,98.7,65.6,70.4
30.976,0.7825,-0.1027,19.35,105.8,65.9,66.5
31.008,0.7863,-0.1014,19.35,98.9,71.5,85.1
31.04,0.7864,-0.1013,10.58,92.1,69.7,112.6
31.072,0.7864,-0.1013,1.67,70.2,66.5,104.4
31.104,0.7863,-0.1013,-7.1,63.5,69.4,93.9
31.136,0.7863,-0.1013,-16.01,68.3,66.1,82.5
31.168,0.7864,-0.1014,-24.77,62.4,63.6,67.0
31.2,0.7884,-0.1025,-28.67,63.6,70.3,68.9
31.232,0.7904,-0.1037,-32.57,70.6,67.6,64.7
31.264,0.7922,-0.1051,-36.46,67.2,66.4,70.4
31.296,0.794,-0.1066,-40.22,64.4,67.1,68.1
31.328,0.7956,-0.1082,-44.12,75.5,64.7,70.2
31.36,0.7972,-0.1099,-48.02,69.6,66.4,68.4
31.392,0.7986,-0.1117,-51.91,64.7,65.9,66.4
31.424,0.7999,-0.1136,-55.81,66.3,66.7,64.2
31.456,0.8011,-0.1156,-59.71,68.8,69.3,71.2
31.488,0.8021,-0.1177,-63.74,64.7,67.5,73.2
31.52,0.803,-0.1198,-67.64,63.8,66.9,65.6
31.552,0.8037,-0.1219,-71.4,65.7,66.1,64.7
31.584,0.8043,-0.1242,-75.29,73.7,68.4,73.2
31.616,0.8047,-0.1265,-79.19,72.8,67.7,72.9
31.648,0.805,-0.1288,-83.09,73.8,61.1,69.9
31.68,0.8051,-0.1311,-86.98,69.1,70.6,68.4
31.712,0.8051,-0.1334,-90.88,77.4,67.6,70.7
31.744,0.8049,-0.1357,-94.78,70.8,64.5,66.0
31.776,0.8045,-0.138,-98.67,78.3,66.4,67.0
31.808,0.804,-0.1402,-102.43,101.5,73.9,73.6
31.84,0.8034,-0.1424,-106.33,118.0,67.9,67.0
31.872,0.8026,-0.1446,-110.23,120.2,61.2,67.7
31.904,0.8016,-0.1467,-114.12,128.3,65.4,67.3
31.936,0.8006,-0.1487,-118.02,127.3,67.7,67.0
31.968,0.7993,-0.1507,-121.92,115.5,68.4,66.1
32.0,0.798,-0.1526,-125.81,119.5,71.6,66.4
32.032,0.7965,-0.1544,-129.71,117.9,63.9,64.0
32.064,0.7949,-0.1561,-133.61,137.4,69.4,67.1
32.096,0.7932,-0.1576,-137.37,150.8,68.9,65.1
32.128,0.7914,-0.159,-141.26,157.9,71.1,66.9
32.16,0.7895,-0.1604,-145.16,182.0,64.6,67.7
32.192,0.7875,-0.1615,-149.06,175.1,72.8,61.5
32.224,0.7855,-0.1626,-152.95,177.4,64.2,64.9
32.256,0.7833,-0.1635,-156.85,178.5,65.9,71.3
32.288,0.7812,-0.1643,-160.75,171.6,67.2,66.3
32.32,0.7789,-0.1649,-164.64,177.0,67.1,63.8
32.352,0.7767,-0.1653,-168.54,183.5,63.4,68.9
32.384,0.7744,-0.1656,-172.3,199.3,66.9,67.6
32.416,0.7721,-0.1658,-176.2,223.2,66.0,62.7
32.448,0.7698,-0.1658,-180.09,218.5,59.7,69.4
32.48,0.7675,-0.1656,-183.99,222.9,72.9,69.8
32.512,0.7652,-0.1653,-187.89,216.8,67.1,62.8
32.544,0.7629,-0.1648,-191.78,224.8,65.1,64.2
32.576,0.7607,-0.1642,-195.68,219.3,68.0,65.4
32.608,0.7585,-0.1634,-199.58,215.4,73.8,60.8
32.64,0.7564,-0.1625,-203.33,225.9,65.8,69.3
32.672,0.7544,-0.1615,-207.23,222.8,66.2,66.3
32.704,0.7524,-0.1603,-211.13,223.0,67.6,63.6
32.736,0.7505,-0.159,-215.02,222.9,66.3,64.9
32.768,0.7471,-0.1566,-215.02,218.0,65.9,71.3
32.8,0.7437,-0.1542,-215.02,217.9,71.6,68.0
32.832,0.7419,-0.1528,-218.92,220.0,68.1,60.7
32.864,0.7402,-0.1512,-222.82,208.5,60.9,64.1
32.896,0.7372,-0.1484,-222.82,216.6,62.9,66.3
32.928,0.7357,-0.1468,-226.58,205.8,68.4,67.9
32.96,0.7328,-0.1438,-226.58,198.1,65.3,60.8
32.992,0.73,-0.1408,-226.58,187.9,65.5,70.8
33.024,0.7272,-0.1378,-226.58,197.5,70.9,66.5
33.056,0.7243,-0.1348,-226.58,192.2,67.1,67.4
33.088,0.7215,-0.1318,-226.58,180.0,71.2,68.1
33.12,0.7187,-0.1289,-226.72,180.2,62.9,64.4
33.152,0.7159,-0.1259,-226.72,170.6,67.4,60.0
33.184,0.7131,-0.1229,-226.72,170.5,69.5,69.5
33.216,0.7103,-0.1199,-226.58,158.2,65.7,69.2
33.248,0.7075,-0.1169,-226.58,156.9,73.7,70.4
33.28,0.7046,-0.1139,-226.58,149.2,67.4,68.2
33.312,0.7018,-0.1109,-226.58,145.6,71.5,69.6
33.344,0.699,-0.1079,-226.58,146.3,68.7,62.1
33.376,0.6961,-0.1049,-226.58,146.6,61.8,66.7
33.408,0.6934,-0.102,-226.72,142.8,68.3,71.8
33.44,0.6905,-0.099,-226.72,146.1,67.8,72.7
33.472,0.6877,-0.096,-226.72,130.3,69.3,68.3
33.504,0.6849,-0.0931,-226.58,136.2,71.0,65.6
33.536,0.6821,-0.0901,-226.58,125.3,71.0,71.3
33.568,0.6793,-0.0871,-226.58,130.4,68.4,62.6
33.6,0.6764,-0.0841,-226.58,132.5,70.5,75.2
33.632,0.6736,-0.0811,-226.58,126.1,66.7,67.7
33.664,0.6708,-0.0781,-226.58,124.9,69.2,67.7
33.696,0.6679,-0.0751,-226.58,122.3,69.7,66.4
33.728,0.6651,-0.0721,-226.72,121.5,71.9,64.8
33.76,0.6623,-0.0691,-226.72,123.3,64.9,67.5
33.792,0.6595,-0.0662,-226.72,114.1,65.3,64.2
33.824,0.6567,-0.0632,-226.58,110.8,65.2,70.0
33.856,0.6539,-0.0602,-226.58,71.0,70.2,66.8
33.888,0.6522,-0.0586,-222.68,63.3,68.7,61.7
33.92,0.6504,-0.0572,-218.78,71.2,68.8,69.6
33.952,0.6485,-0.0559,-214.89,104.8,66.6,70.1
33.984,0.6451,-0.0535,-215.02,67.4,64.0,71.9
34.016,0.6432,-0.0523,-211.13,95.7,71.6,61.9
34.048,0.6396,-0.0502,-211.13,65.8,61.5,65.1
34.08,0.6376,-0.0492,-207.23,74.6,69.1,65.1
34.112,0.6354,-0.0482,-203.33,105.7,63.3,68.1
34.144,0.6317,-0.0466,-203.33,69.6,67.5,67.1
34.176,0.6295,-0.0458,-199.44,65.0,67.1,65.1
34.208,0.6272,-0.0452,-195.54,98.2,62.8,71.3
34.24,0.6233,-0.0441,-195.68,72.5,75.2,70.5
34.272,0.6211,-0.0436,-191.78,59.4,67.8,67.8
34.304,0.6188,-0.0433,-187.89,65.5,66.2,68.8
34.336,0.6165,-0.0432,-183.99,61.9,66.8,70.9
34.368,0.6141,-0.0432,-180.09,62.2,66.8,70.0
34.4,0.6118,-0.0433,-176.2,64.9,68.2,62.9
34.432,0.6095,-0.0436,-172.3,76.6,68.1,65.8
34.464,0.6073,-0.0441,-168.4,87.6,63.6,68.9
34.496,0.6033,-0.0449,-168.54,66.2,63.7,63.6
34.528,0.6011,-0.0455,-164.64,71.4,70.0,73.3
34.56,0.5989,-0.0463,-160.75,68.0,68.3,68.4
34.592,0.5967,-0.0472,-156.85,65.3,63.1,64.9
34.624,0.5947,-0.0482,-152.95,66.0,63.8,67.8
34.656,0.5927,-0.0494,-149.06,70.9,66.5,70.4
34.688,0.5908,-0.0508,-145.16,73.9,66.9,65.2
34.72,0.589,-0.0522,-141.4,64.6,66.3,63.9
34.752,0.5873,-0.0537,-137.5,65.1,71.1,65.3
34.784,0.5857,-0.0554,-133.61,66.8,71.1,62.5
34.816,0.5842,-0.0572,-129.71,61.2,66.3,65.7
34.848,0.5829,-0.0591,-125.81,70.0,69.0,66.2
34.88,0.5817,-0.061,-121.92,66.1,69.1,68.3
34.912,0.5806,-0.0631,-118.02,62.1,74.0,64.3
34.944,0.5796,-0.0652,-114.12,70.6,59.5,69.7
34.976,0.5788,-0.0674,-110.23,85.4,59.4,71.8
35.008,0.5774,-0.0711,-110.23,65.7,65.3,67.9
35.04,0.5768,-0.0733,-106.33,64.7,72.2,67.7
35.072,0.5763,-0.0756,-102.43,61.4,66.7,63.4
35.104,0.5759,-0.0779,-98.54,68.8,65.9,61.9
35.136,0.5758,-0.0802,-94.64,65.1,67.0,70.8
35.168,0.5757,-0.0825,-90.74,65.9,68.5,70.2
35.2,0.5759,-0.0848,-86.85,64.5,65.8,66.2
35.232,0.5761,-0.0871,-82.95,90.1,65.1,66.5
35.264,0.5766,-0.0912,-83.09,69.1,68.4,66.4
35.296,0.5771,-0.0934,-79.19,62.9,65.2,65.4
35.328,0.5777,-0.0957,-75.29,63.8,62.9,67.6
35.36,0.5784,-0.0979,-71.4,66.5,72.6,69.5
35.392,0.5793,-0.1,-67.5,68.9,64.1,69.1
35.424,0.5803,-0.1021,-63.6,71.8,64.2,65.9
35.456,0.5815,-0.1041,-59.71,68.3,67.0,71.4
35.488,0.5828,-0.106,-55.81,68.0,69.1,75.0
35.52,0.5842,-0.1078,-51.91,71.2,68.0,63.4
35.552,0.5857,-0.1095,-48.15,69.3,71.0,67.5
35.584,0.5874,-0.1111,-44.26,70.1,63.2,62.7
35.616,0.5891,-0.1126,-40.36,68.4,70.0,67.4
35.648,0.591,-0.114,-36.46,64.4,68.7,64.3
35.68,0.593,-0.1152,-32.57,72.6,67.3,72.3
35.712,0.595,-0.1164,-28.67,83.7,69.5,68.7
35.744,0.5986,-0.1183,-28.67,69.7,67.9,64.4
35.776,0.6007,-0.1193,-24.77,65.2,71.7,64.2
35.808,0.6028,-0.1201,-21.02,67.7,64.8,65.0
35.84,0.605,-0.1208,-17.12,64.0,67.3,61.5
35.872,0.6073,-0.1213,-13.22,69.0,68.7,68.5
35.904,0.6096,-0.1217,-9.32,63.0,62.4,64.6
35.936,0.6119,-0.1219,-5.43,69.1,65.5,65.0
35.968,0.6142,-0.122,-1.53,76.0,65.5,62.1
36.0,0.6165,-0.1219,2.37,73.8,61.1,68.0
36.032,0.6188,-0.1216,6.26,73.8,68.1,70.3
36.064,0.6211,-0.1212,10.16,74.4,67.9,64.9
36.096,0.6233,-0.1207,13.92,67.4,69.4,71.3
36.128,0.6255,-0.12,17.81,67.0,68.1,65.5
36.16,0.6276,-0.1191,21.71,69.5,73.9,72.6
36.192,0.6297,-0.1181,25.61,75.6,57.1,75.7
36.224,0.6317,-0.117,29.51,72.9,61.8,74.5
36.256,0.6337,-0.1157,33.4,79.2,66.0,70.8
36.288,0.6356,-0.1142,37.44,77.8,63.7,69.8
36.32,0.6373,-0.1128,41.2,73.3,67.9,66.7
36.352,0.6389,-0.1111,45.09,74.1,67.2,66.9
36.384,0.6404,-0.1094,48.85,77.0,70.8,64.2
36.416,0.6418,-0.1076,52.75,75.5,66.8,68.1
36.448,0.6431,-0.1056,56.64,78.8,62.9,71.6
36.48,0.6442,-0.1036,60.54,78.8,69.2,66.3
36.512,0.6452,-0.1015,64.44,66.6,72.2,66.3
36.544,0.6461,-0.0994,68.33,71.2,67.5,62.4
36.576,0.6468,-0.0972,72.23,67.2,67.0,70.6
36.608,0.6473,-0.0949,76.13,60.2,66.7,64.7
36.64,0.6477,-0.0927,79.89,71.1,66.7,70.9
36.672,0.648,-0.0904,83.78,75.4,67.1,65.1
36.704,0.6481,-0.0881,87.68,75.4,68.6,68.9
36.736,0.648,-0.0858,91.58,68.1,66.3,71.2
36.768,0.6478,-0.0835,95.47,68.5,61.6,69.0
36.8,0.6474,-0.0812,99.37,64.6,66.3,68.4
36.832,0.6469,-0.0789,103.27,67.5,67.3,60.8
36.864,0.6462,-0.0767,107.16,65.1,70.2,65.8
36.896,0.6453,-0.0746,111.06,66.0,70.9,67.6
36.928,0.6444,-0.0725,114.82,61.3,69.3,67.0
36.96,0.6433,-0.0705,118.72,67.3,68.8,66.7
36.992,0.642,-0.0685,122.61,66.8,69.7,66.1
37.024,0.6407,-0.0667,126.51,67.5,68.5,71.3
37.056,0.6392,-0.0649,130.41,62.7,71.7,67.1
37.088,0.6375,-0.0632,134.3,70.1,62.5,69.4
37.12,0.6358,-0.0617,138.2,65.7,74.2,68.9
37.152,0.634,-0.0603,142.1,65.5,72.1,69.5
37.184,0.6321,-0.059,145.99,65.1,68.0,64.9
37.216,0.6301,-0.0578,149.75,68.4,61.5,72.5
37.248,0.628,-0.0568,153.65,69.9,69.1,63.8
37.28,0.6259,-0.0559,157.55,68.5,69.4,66.3
37.312,0.6237,-0.0552,161.44,68.9,62.3,65.2
37.344,0.6215,-0.0546,165.34,66.9,61.8,72.1
37.376,0.6192,-0.0542,169.24,70.0,69.0,69.0
37.408,0.6169,-0.0539,173.13,69.6,68.5,65.7
37.44,0.6146,-0.0538,177.03,68.7,66.8,66.6
37.472,0.6123,-0.0538,180.79,69.6,68.4,69.1
37.504,0.61,-0.054,184.68,64.9,66.5,62.7
37.536,0.6077,-0.0543,188.58,72.4,63.0,64.3
37.568,0.6055,-0.0548,192.48,65.4,68.0,69.0
37.6,0.6032,-0.0555,196.38,73.2,66.7,73.8
37.632,0.6011,-0.0563,200.27,66.5,66.8,66.1
37.664,0.5989,-0.0572,204.17,64.4,71.2,66.5
37.696,0.5969,-0.0583,208.07,68.0,73.4,67.5
37.728,0.5949,-0.0596,211.96,67.5,68.2,69.9
37.76,0.5931,-0.0609,215.72,64.4,68.0,67.3
37.792,0.5913,-0.0624,219.62,64.0,65.7,66.2
37.824,0.5896,-0.0639,223.51,73.5,66.1,71.7
37.856,0.5881,-0.0657,227.41,71.3,66.7,70.1
37.888,0.5866,-0.0675,231.31,62.3,67.0,72.0
37.92,0.5853,-0.0694,235.21,68.2,70.4,59.1
37.952,0.5841,-0.0714,239.1,62.2,69.4,64.6
37.984,0.5831,-0.0734,243.0,64.3,72.5,64.9
38.016,0.5822,-0.0755,246.76,68.5,64.5,66.1
38.048,0.5814,-0.0777,250.65,69.4,65.1,69.8
38.08,0.5808,-0.0799,254.55,65.3,65.4,65.7
38.112,0.5803,-0.0822,258.45,66.7,71.0,61.8
38.144,0.58,-0.0845,262.34,60.8,66.6,66.9
38.176,0.5799,-0.0868,266.24,70.6,68.2,69.8
38.208,0.5799,-0.0891,270.14,66.2,68.4,66.8
38.24,0.58,-0.0914,274.03,64.4,66.8,68.7
38.272,0.5803,-0.0937,277.93,70.4,69.2,71.5
38.304,0.5808,-0.0959,281.69,68.3,66.2,68.5
38.336,0.5814,-0.0981,285.59,71.6,70.2,66.2
38.368,0.5822,-0.1003,289.48,65.4,66.8,65.9
38.4,0.5831,-0.1025,293.38,73.0,70.5,75.2
38.432,0.5842,-0.1045,297.28,68.1,64.1,65.7
38.464,0.5854,-0.1065,301.17,69.3,69.0,70.6
38.496,0.5867,-0.1084,305.07,66.0,66.6,68.5
38.528,0.5882,-0.1102,308.97,62.3,70.6,63.8
38.56,0.5897,-0.1119,312.73,66.4,68.9,68.7
38.592,0.5914,-0.1134,316.62,68.9,71.2,69.5
38.624,0.5932,-0.1149,320.52,64.6,71.0,65.6
38.656,0.5951,-0.1163,324.42,71.6,66.2,66.8
38.688,0.597,-0.1175,328.31,66.9,70.4,63.7
38.72,0.5991,-0.1186,332.21,65.6,64.5,62.4
38.752,0.6012,-0.1195,336.11,63.3,64.7,63.5
38.784,0.6034,-0.1203,340.0,61.7,67.4,68.6
38.816,0.6056,-0.1209,343.9,70.5,64.3,66.5
38.848,0.6078,-0.1214,347.66,68.7,71.1,72.4
38.88,0.6101,-0.1218,351.56,62.0,68.8,68.4
38.912,0.6124,-0.1223,347.66,60.5,66.3,70.1
38.944,0.6146,-0.1226,351.56,67.3,63.6,62.6
38.976,0.617,-0.1228,355.45,66.2,70.9,71.8
39.008,0.6193,-0.1228,359.35,70.5,68.4,58.1
39.04,0.6216,-0.1227,363.25,69.5,68.5,61.9
39.072,0.6239,-0.1224,367.14,66.9,71.3,72.8
39.104,0.6262,-0.1219,371.04,60.2,66.6,70.4
39.136,0.6283,-0.1214,374.8,67.3,65.5,62.4
39.168,0.6306,-0.1209,370.9,73.2,67.1,73.1
39.2,0.6329,-0.1203,374.8,71.0,63.7,67.0
39.232,0.6351,-0.1199,370.9,74.4,63.0,68.2
39.264,0.6374,-0.1193,374.8,65.0,67.6,68.8
39.296,0.6396,-0.1186,378.69,64.5,68.6,66.3
39.328,0.6417,-0.1177,382.59,64.6,67.5,66.1
39.36,0.6438,-0.1166,386.49,65.5,62.8,67.3
39.392,0.6458,-0.1155,390.39,65.3,69.1,65.6
39.424,0.6477,-0.1142,394.28,71.0,67.2,64.1
39.456,0.6496,-0.113,390.52,216.6,68.7,66.7
39.488,0.6532,-0.1109,390.52,199.5,68.4,67.2
39.52,0.6567,-0.1089,390.39,191.0,71.2,73.2
39.552,0.6602,-0.1068,390.39,189.5,69.8,62.5
39.584,0.6638,-0.1047,390.39,195.4,60.7,64.6
39.616,0.6673,-0.1026,390.39,190.1,70.3,64.8
39.648,0.6709,-0.1005,390.39,187.4,62.4,70.6
39.68,0.6744,-0.0985,390.39,178.7,65.3,66.8
39.712,0.678,-0.0964,390.39,172.9,73.5,66.5
39.744,0.6816,-0.0943,390.39,172.7,65.2,64.3
39.776,0.6851,-0.0922,390.52,170.6,68.8,62.8
39.808,0.6885,-0.0902,390.39,161.6,76.5,68.4
39.84,0.6921,-0.0881,390.39,165.1,68.7,69.8
39.872,0.6957,-0.086,390.39,148.6,65.3,73.2
39.904,0.6992,-0.0839,390.39,144.0,64.2,64.1
39.936,0.7028,-0.0818,390.39,159.7,65.4,67.4
39.968,0.7063,-0.0798,390.39,145.2,66.7,64.2
40.0,0.7099,-0.0777,390.39,163.2,66.3,69.8
40.032,0.7134,-0.0756,390.39,147.9,64.5,64.4
40.064,0.7169,-0.0735,390.52,144.6,70.5,67.8
40.096,0.7205,-0.0714,390.52,136.9,66.2,68.5
40.128,0.724,-0.0694,390.39,144.9,62.3,66.4
40.16,0.7275,-0.0673,390.39,136.4,65.8,65.4
40.192,0.7311,-0.0652,390.39,136.2,63.6,64.7
40.224,0.7346,-0.0631,390.39,140.6,63.7,61.9
40.256,0.7382,-0.0611,390.39,124.6,63.9,70.4
40.288,0.7417,-0.059,390.39,133.0,65.7,62.1
40.32,0.7453,-0.0569,390.39,126.2,65.0,65.4
40.352,0.7488,-0.0548,390.52,126.9,65.5,66.5
40.384,0.7523,-0.0527,390.52,130.5,70.3,68.4
40.416,0.7558,-0.0507,390.39,123.2,65.5,68.2
40.448,0.7594,-0.0486,390.39,113.3,70.6,70.9
40.48,0.7629,-0.0465,390.39,114.9,66.6,68.6
40.512,0.7665,-0.0444,390.39,123.7,72.9,69.6
40.544,0.77,-0.0424,390.39,124.8,64.1,64.7
40.576,0.7736,-0.0403,390.39,125.6,70.8,65.9
40.608,0.7772,-0.0382,390.39,111.4,70.5,64.8
40.64,0.7807,-0.0361,390.39,111.2,59.9,66.9
40.672,0.7842,-0.034,390.52,107.0,61.8,67.7
40.704,0.7877,-0.032,390.39,119.4,67.6,71.0
40.736,0.7913,-0.0299,390.39,113.7,70.1,65.7
40.768,0.7948,-0.0278,390.39,101.0,67.9,70.6
40.8,0.7984,-0.0257,390.39,109.6,72.2,66.8
40.832,0.8019,-0.0237,390.39,107.9,67.8,65.5
40.864,0.8055,-0.0216,390.39,114.0,64.5,85.3
40.896,0.8054,-0.0216,381.62,102.1,71.0,116.6
40.928,0.8054,-0.0216,372.71,87.2,66.5,96.5
40.96,0.8055,-0.0216,363.94,75.7,72.2,92.0
40.992,0.8055,-0.0216,355.03,70.8,71.2,76.3
41.024,0.8078,-0.0219,351.14,61.9,69.2,61.2
41.056,0.81,-0.0225,347.24,67.6,70.9,70.2
41.088,0.8122,-0.0231,343.48,73.4,70.9,63.8
41.12,0.8144,-0.0239,339.59,68.0,66.5,70.3
41.152,0.8165,-0.0249,335.69,66.6,66.7,75.3
41.184,0.8185,-0.026,331.79,68.7,72.5,83.7
41.216,0.8185,-0.026,322.89,71.2,68.4,81.0
41.248,0.8185,-0.026,313.98,70.8,68.2,77.1
41.28,0.82,-0.0277,310.08,64.9,64.0,70.3
41.312,0.8214,-0.0296,306.18,70.1,64.4,78.5
41.344,0.8226,-0.0315,302.43,65.1,68.6,77.7
41.376,0.8237,-0.0335,298.53,62.0,68.8,70.5
41.408,0.8246,-0.0356,294.63,67.0,67.3,63.7
41.44,0.8255,-0.0378,290.74,66.3,68.4,68.5
41.472,0.8261,-0.04,286.84,72.6,63.5,66.3
41.504,0.8267,-0.0423,282.94,64.0,63.5,68.9
41.536,0.827,-0.0446,279.05,68.7,70.0,72.2
41.568,0.8272,-0.0469,275.15,69.0,64.6,84.2
41.6,0.8272,-0.0468,266.38,95.8,68.6,65.4
41.632,0.8269,-0.0491,262.48,106.0,68.4,75.3
41.664,0.8265,-0.0514,258.59,109.2,66.2,65.3
41.696,0.8259,-0.0536,254.69,112.5,66.0,65.5
41.728,0.8251,-0.0558,250.79,119.8,69.2,70.0
41.76,0.8242,-0.0579,246.9,110.7,73.0,66.9
41.792,0.8231,-0.06,243.0,105.2,65.1,70.3
41.824,0.8219,-0.062,239.1,112.0,70.8,68.9
41.856,0.8207,-0.0638,235.34,116.0,72.5,65.2
41.888,0.8192,-0.0657,231.45,128.4,70.2,62.4
41.92,0.8177,-0.0674,227.55,147.4,64.7,71.1
41.952,0.816,-0.069,223.65,137.1,69.1,70.6
41.984,0.8142,-0.0705,219.76,145.3,63.4,66.6
42.016,0.8123,-0.0718,215.86,146.6,65.0,65.1
42.048,0.8104,-0.073,211.96,144.4,65.0,65.9
42.08,0.8083,-0.0741,208.07,140.2,62.3,64.5
42.112,0.8063,-0.0751,204.31,154.4,67.8,68.4
42.144,0.8041,-0.0759,200.41,168.7,70.2,63.0
42.176,0.8019,-0.0765,196.51,191.1,70.0,69.7
42.208,0.7996,-0.077,192.62,169.0,65.0,63.6
42.24,0.7973,-0.0774,188.72,183.7,68.6,65.4
42.272,0.795,-0.0776,184.82,178.8,67.7,65.8
42.304,0.7927,-0.0776,180.93,184.1,63.5,67.0
42.336,0.7904,-0.0775,177.03,186.3,66.2,70.8
42.368,0.7881,-0.0772,173.13,190.3,73.4,67.3
42.4,0.7859,-0.0768,169.38,203.6,69.9,68.2
42.432,0.7836,-0.0762,165.48,194.2,63.6,63.0
42.464,0.7814,-0.0755,161.58,206.3,67.4,72.2
42.496,0.7793,-0.0746,157.68,203.9,71.3,69.9
42.528,0.7772,-0.0736,153.79,196.9,65.5,65.4
42.56,0.7752,-0.0724,149.89,208.7,72.0,70.8
42.592,0.7733,-0.0711,145.99,207.2,66.5,66.7
42.624,0.7714,-0.0697,142.1,203.1,72.2,67.8
42.656,0.7697,-0.0682,138.2,208.8,70.7,67.4
42.688,0.7681,-0.0665,134.44,216.9,67.5,68.6
42.72,0.7652,-0.0636,134.44,207.0,66.5,66.9
42.752,0.7624,-0.0607,134.44,196.6,70.1,74.4
42.784,0.7595,-0.0577,134.44,194.3,60.7,62.4
42.816,0.7566,-0.0548,134.44,192.0,65.9,67.5
42.848,0.7537,-0.0518,134.44,176.5,64.5,59.9
42.88,0.7508,-0.0489,134.44,179.7,69.6,66.1
42.912,0.748,-0.046,134.3,173.0,70.5,59.9
42.944,0.7451,-0.0431,134.3,179.0,64.1,63.3
42.976,0.7423,-0.0402,134.44,170.9,67.7,65.3
43.008,0.7394,-0.0372,134.44,156.5,62.7,70.8
43.04,0.7365,-0.0343,134.44,149.3,66.6,69.3
43.072,0.7336,-0.0313,134.44,161.5,71.1,67.7
43.104,0.7307,-0.0284,134.44,156.8,69.7,68.5
43.136,0.7279,-0.0254,134.44,142.0,62.7,61.9
43.168,0.725,-0.0225,134.44,155.2,65.4,64.1
43.2,0.7221,-0.0196,134.44,145.0,61.6,67.6
43.232,0.7193,-0.0167,134.3,148.1,66.2,72.7
43.264,0.7164,-0.0138,134.44,146.4,69.2,71.5
43.296,0.7135,-0.0108,134.44,146.8,65.1,66.6
43.328,0.7106,-0.0079,134.44,143.8,72.0,81.5
43.36,0.7106,-0.0079,125.54,139.3,68.4,98.4
43.392,0.7107,-0.008,116.35,118.8,68.3,101.4
43.424,0.7107,-0.0079,107.72,111.0,65.4,76.8
43.456,0.7094,-0.0041,107.72,92.7,70.0,94.3
43.488,0.7094,-0.004,99.09,67.8,68.0,73.1
43.52,0.7092,-0.0016,95.2,69.6,66.0,70.5
43.552,0.7092,0.0007,91.3,79.6,70.2,70.5
43.584,0.7093,0.003,87.4,73.2,67.3,72.7
43.616,0.7095,0.0053,83.5,65.0,68.6,76.2
43.648,0.7099,0.0075,79.75,68.6,74.1,76.3
43.68,0.7105,0.0098,75.85,71.0,68.7,83.7
43.712,0.7105,0.0098,66.94,65.4,65.8,66.4
43.744,0.7115,0.0118,63.05,63.2,66.5,64.4
43.776,0.7127,0.0138,59.15,68.4,63.2,64.8
43.808,0.7141,0.0157,55.25,66.3,72.4,67.3
43.84,0.7155,0.0175,51.36,66.9,70.4,62.3
43.872,0.7171,0.0192,47.46,62.8,67.6,69.6
43.904,0.7187,0.0208,43.7,68.7,63.9,70.8
43.936,0.7205,0.0223,39.8,66.7,71.5,64.9
43.968,0.7224,0.0236,35.91,64.5,70.1,64.4
44.0,0.7243,0.0249,32.01,69.5,67.0,66.2
44.032,0.7264,0.026,28.11,63.9,68.5,68.3
44.064,0.7285,0.0269,24.22,68.8,63.8,66.6
44.096,0.7307,0.0277,20.32,65.5,62.6,67.4
44.128,0.7329,0.0284,16.42,78.4,63.2,70.1
44.16,0.7351,0.0289,12.66,108.0,70.5,66.1
44.192,0.7374,0.0292,8.77,119.2,66.8,65.2
44.224,0.7397,0.0294,4.87,112.8,68.0,65.6
44.256,0.742,0.0294,0.97,117.8,63.4,64.9
44.288,0.7443,0.0293,-2.92,115.0,73.7,65.7
44.32,0.7466,0.0291,-6.82,114.1,61.7,68.0
44.352,0.7489,0.0286,-10.72,116.1,67.7,58.9
44.384,0.7511,0.028,-14.61,116.3,67.3,65.8
44.416,0.7533,0.0273,-18.51,124.5,66.2,68.0
44.448,0.7554,0.0264,-22.27,146.1,70.1,70.4
44.48,0.7575,0.0254,-26.16,156.6,67.0,66.7
44.512,0.7595,0.0243,-30.06,160.3,68.2,72.8
44.544,0.7614,0.023,-33.96,163.3,65.3,68.1
44.576,0.7632,0.0215,-37.86,148.5,72.2,69.3
44.608,0.765,0.02,-41.75,154.1,73.2,66.5
44.64,0.7666,0.0183,-45.65,157.6,69.3,71.7
44.672,0.7681,0.0166,-49.55,168.2,62.7,68.4
44.704,0.7695,0.0147,-53.44,195.3,65.6,69.5
44.736,0.7707,0.0128,-57.2,199.3,63.9,68.8
44.768,0.7718,0.0108,-61.1,206.1,72.1,69.0
44.8,0.7728,0.0087,-64.99,199.8,72.5,65.4
44.832,0.7736,0.0065,-68.89,202.2,68.2,70.7
44.864,0.7743,0.0043,-72.79,208.3,67.2,68.9
44.896,0.7749,0.0021,-76.69,201.6,69.3,69.3
44.928,0.7752,-0.0002,-80.58,201.2,62.8,72.7
44.96,0.7755,-0.0025,-84.48,211.5,59.4,60.5
44.992,0.7755,-0.0048,-88.24,206.2,67.9,67.6
45.024,0.7754,-0.0071,-92.13,217.5,67.7,65.2
45.056,0.7752,-0.0094,-96.03,217.0,64.3,68.2
45.088,0.7748,-0.0117,-99.93,221.6,67.8,65.9
45.12,0.7742,-0.0139,-103.82,220.3,64.6,66.2
45.152,0.7735,-0.0161,-107.72,219.4,72.9,58.1
45.184,0.7727,-0.0183,-111.62,212.9,68.9,65.6
45.216,0.7717,-0.0204,-115.51,220.9,68.6,66.3
45.248,0.7705,-0.0224,-119.41,205.0,70.5,62.4
45.28,0.7686,-0.0259,-119.27,206.2,68.4,69.5
45.312,0.7665,-0.0295,-119.27,200.1,69.3,68.1
45.344,0.7645,-0.0331,-119.27,181.7,72.3,72.9
45.376,0.7625,-0.0367,-119.27,191.0,70.6,67.4
45.408,0.7605,-0.0403,-119.41,190.6,71.9,70.0
45.44,0.7585,-0.0438,-119.41,177.9,61.0,64.1
45.472,0.7565,-0.0474,-119.41,160.8,69.7,67.1
45.504,0.7545,-0.051,-119.41,165.9,63.8,71.0
45.536,0.7524,-0.0546,-119.41,157.8,65.2,66.4
45.568,0.7505,-0.0581,-119.27,159.7,61.9,69.0
45.6,0.7484,-0.0617,-119.27,145.6,68.0,69.0
45.632,0.7464,-0.0653,-119.27,157.9,69.2,60.1
45.664,0.7444,-0.0689,-119.27,151.5,65.5,64.9
45.696,0.7424,-0.0725,-119.41,151.1,71.1,65.5
45.728,0.7404,-0.076,-119.41,148.5,65.3,64.2
45.76,0.7384,-0.0796,-119.41,141.4,66.2,70.8
45.792,0.7363,-0.0832,-119.41,138.4,68.3,67.8
45.824,0.7343,-0.0868,-119.41,135.3,74.9,65.0
45.856,0.7323,-0.0904,-119.41,137.1,67.7,65.4
45.888,0.7303,-0.0939,-119.27,126.7,60.6,72.5
45.92,0.7283,-0.0975,-119.27,136.2,68.4,67.2
45.952,0.7263,-0.1011,-119.27,125.2,68.1,68.1
45.984,0.7243,-0.1047,-119.27,110.9,73.0,65.2
46.016,0.7223,-0.1083,-119.41,111.4,65.0,71.1
46.048,0.7203,-0.1118,-119.41,112.1,66.9,68.0
46.08,0.7182,-0.1154,-119.41,123.8,70.6,67.4
46.112,0.7162,-0.119,-119.41,112.7,73.2,63.7
46.144,0.7142,-0.1226,-119.41,117.9,63.3,72.9
46.176,0.7122,-0.1261,-119.27,115.4,72.3,72.0
46.208,0.7102,-0.1297,-119.27,111.4,69.3,66.4
46.24,0.7082,-0.1333,-119.27,112.7,65.3,66.3
46.272,0.7062,-0.1369,-119.27,111.6,65.6,67.0
46.304,0.7042,-0.1405,-119.41,118.6,61.8,65.9
46.336,0.7021,-0.144,-119.41,61.3,69.0,66.1
46.368,0.7012,-0.1461,-115.51,69.1,66.9,66.8
46.4,0.7003,-0.1483,-111.62,108.1,70.1,63.4
46.432,0.6988,-0.1521,-111.62,67.4,65.9,67.4
46.464,0.6981,-0.1543,-107.72,70.1,64.8,66.6
46.496,0.6975,-0.1566,-103.82,108.8,63.0,72.4
46.528,0.6965,-0.1606,-103.82,62.3,71.6,65.6
46.56,0.6961,-0.1628,-100.07,96.7,69.9,61.2
46.592,0.6954,-0.1669,-100.07,73.9,64.2,69.5
46.624,0.6952,-0.1692,-96.17,63.0,66.8,64.6
46.656,0.6951,-0.1715,-92.27,72.0,68.9,67.4
46.688,0.6951,-0.1738,-88.38,70.7,69.4,65.4
46.72,0.6954,-0.1761,-84.48,73.1,59.2,66.1
46.752,0.6957,-0.1784,-80.58,65.6,67.2,65.2
46.784,0.6963,-0.1806,-76.69,72.6,68.2,65.8
46.816,0.6969,-0.1828,-72.93,72.3,67.5,64.4
46.848,0.6978,-0.185,-69.03,69.0,71.3,66.3
46.88,0.6987,-0.1871,-65.13,67.6,64.1,77.1
46.912,0.6999,-0.1891,-61.24,61.0,68.4,65.6
46.944,0.7011,-0.191,-57.34,66.5,63.0,64.8
46.976,0.7025,-0.1929,-53.44,71.0,69.3,70.2
47.008,0.704,-0.1947,-49.55,70.3,65.5,70.4
47.04,0.7056,-0.1963,-45.65,66.5,68.2,63.0
47.072,0.7073,-0.1978,-41.89,61.1,64.0,62.5
47.104,0.7091,-0.1992,-38.13,101.6,68.6,72.2
47.136,0.7123,-0.2017,-37.86,70.0,68.4,70.5
47.168,0.7142,-0.203,-33.96,68.1,66.2,68.6
47.2,0.7162,-0.2042,-30.06,66.1,66.6,71.1
47.232,0.7183,-0.2052,-26.16,62.2,61.2,70.2
47.264,0.7205,-0.2061,-22.27,65.2,68.5,64.3
47.296,0.7227,-0.2068,-18.37,65.9,61.3,69.9
47.328,0.7249,-0.2074,-14.47,78.8,63.6,68.0
47.36,0.7271,-0.2078,-10.72,63.9,68.9,68.7
47.392,0.7294,-0.2081,-6.82,68.5,66.9,63.5
47.424,0.7317,-0.2082,-2.92,61.4,65.0,71.1
47.456,0.7341,-0.2082,0.97,73.5,64.6,64.8
47.488,0.7364,-0.208,4.87,67.1,62.8,65.6
47.52,0.7387,-0.2076,8.77,63.4,68.8,68.6
47.552,0.7409,-0.2071,12.66,91.6,68.5,69.2
47.584,0.7449,-0.2062,12.66,70.7,64.6,65.6
47.616,0.7471,-0.2056,16.42,67.4,62.6,66.1
47.648,0.7493,-0.2048,20.32,66.0,64.0,70.6
47.68,0.7514,-0.2038,24.22,67.7,68.9,60.4
47.712,0.7534,-0.2027,28.11,63.6,68.0,70.8
47.744,0.7554,-0.2015,32.01,66.0,69.1,70.3
47.776,0.7573,-0.2001,35.91,83.5,65.6,67.0
47.808,0.7606,-0.1977,35.91,72.5,61.0,65.3
47.84,0.7624,-0.1962,39.8,65.4,65.1,67.3
47.872,0.7641,-0.1946,43.7,63.7,68.9,62.7
47.904,0.7656,-0.193,47.46,64.3,66.0,66.7
47.936,0.767,-0.1912,51.36,64.0,68.4,65.0
47.968,0.7684,-0.1893,55.25,68.2,69.3,60.7
48.0,0.7695,-0.1873,59.15,68.4,65.2,68.5
48.032,0.7706,-0.1852,63.05,79.2,67.1,69.4
48.064,0.7715,-0.1831,66.94,74.3,69.0,70.2
48.096,0.7723,-0.1809,70.84,76.8,74.5,61.4
48.128,0.7729,-0.1787,74.74,67.3,68.3,66.3
48.16,0.7733,-0.1764,78.63,62.9,74.2,66.8
48.192,0.7736,-0.1742,82.39,71.9,63.3,69.1
48.224,0.7738,-0.1718,86.29,68.4,70.8,69.1
48.256,0.7738,-0.1695,90.19,81.6,68.0,63.5
48.288,0.7738,-0.1654,90.19,66.5,66.3,64.0
48.32,0.7736,-0.1631,94.08,69.6,66.4,70.6
48.352,0.7733,-0.1608,97.98,66.6,71.0,69.0
48.384,0.7728,-0.1585,101.88,75.9,67.6,64.9
48.416,0.7722,-0.1563,105.77,68.4,62.3,68.6
48.448,0.7714,-0.1542,109.53,64.5,69.6,69.6
48.48,0.7705,-0.1521,113.43,67.1,73.3,59.6
48.512,0.7694,-0.15,117.32,61.5,61.9,66.2
48.544,0.7682,-0.148,121.22,63.6,69.8,67.2
48.576,0.7669,-0.1461,125.12,77.0,66.8,70.9
48.608,0.7654,-0.1443,129.01,75.4,63.3,62.9
48.64,0.7639,-0.1426,132.91,76.9,64.1,66.5
48.672,0.7622,-0.141,136.81,80.4,68.0,61.0
48.704,0.7592,-0.1383,136.67,71.8,64.2,72.0
48.736,0.7574,-0.1368,140.57,67.2,65.0,63.5
48.768,0.7555,-0.1354,144.46,69.4,65.8,65.6
48.8,0.7536,-0.1342,148.36,67.6,68.3,63.1
48.832,0.7515,-0.1331,152.26,72.5,66.2,65.2
48.864,0.7494,-0.1322,156.15,70.5,69.8,67.5
48.896,0.7472,-0.1314,160.05,71.3,70.6,65.5
48.928,0.745,-0.1308,163.95,68.2,62.9,68.1
48.96,0.7427,-0.1303,167.84,66.9,70.1,67.1
48.992,0.7405,-0.13,171.6,70.6,66.1,65.0
